merchant_name,City,Final City,Status,Category
Isso,Battaramulla,Battaramulla,Active,Food
Isso,Colombo 02,Colombo 02,Active,Food
Isso,Colombo 03,Colombo  03,Active,Food
Isso,Negombo,Negambo,Active,Food
Isso,Trincomalee,Trincomalee,Active,Food
Sushi Kai,Colombo 05,Colombo 05,Active,Food
Sushi Kai,Thalawathugoda,Thalawathugoda,Active,Food
Mannat Couture,Colombo 06,Colombo 06,Active,Fashion
The Factory Outlet,Colombo 05,Colombo 05,Active,Fashion
The Factory Outlet,Galle,Galle,Active,Fashion
Avirat�,Colombo 07,Colombo 07,Active,Fashion
Avirat�,Kandy City Center,Kandy,Active,Fashion
Seerock The King's Domain Hotel,"Indigaswewa, Sigiriya, Dambulla",Dambulla,Active,Hotel
Cafe Noir�,Battaramulla,Battaramulla,Active,Food
Cafe Noir�,Alfred House Gardens,Colombo 03,Active,Food
Cafe Noir�,Thimbirigasyaya,Colombo 05,Active,Food
Cafe Noir�,Pannipitiya,Pannipitiya,Active,Food
Cafe Noir�,Wattala,Wattala,Active,Food
Strong.lk,Nugegoda,Nugegoda,Active,Fitness
Strong.lk,Mount Lavinia,Mount Lavinia,Active,Fitness
Kingsman Studio,Colombo 04,Colombo 04,Active,Fashion
PREMIUM OIL STORE,Nugegoda,Nugegoda ,Active,Automobile
Attanayake Opticians,Colombo 03,Colombo 03,Active,Opticians
ME Colombo,Colombo 05,Colombo 05,Active,Hotel
Tamarind Hill,"Dadella, Galle",Galle,Active,Hotel
The Habitat,Kosgoda,Galle,Active,Hotel
Le Grand Galle,Galle,Galle,Active,Hotel
Tea Avenue,Colombo 02,Colombo 02,Active,Food
Tea Avenue,Colombo 03,Colombo 03,Active,Food
Tea Avenue,Colombo 05,Colombo 05,Active,Food
Tea Avenue,Galle,Galle,Active,Food
Tea Avenue,Malabe,Malabe,Active,Food
Tea Avenue,"Pitakotte, Kotte",Sri Jayawardhanapura,Active,Food
Tea Avenue,Pepiliyana,Pepiliyana,Active,Food
Tea Avenue,Wattala,Wattala,Active,Food
Cool Kidz,Colombo 04,Colombo 04,Active,Baby
BC Lifestyle Salon and Nail Studio,Mount Lavinia,Mount Lavinia,Active,Personal Care
BC Nail Studio,One Galle Face Mall,Colombo 02,Active,Personal Care
BC Nail Studio,Rajagiriya,Rajagiriya,Active,Personal Care
Hilldale Retreat,"Labookellie, Nuwara Eliya",Nuwara Eliya,Active,Hotel
Spring and Summer,Maharagama,Maharagama,Active,Fashion
Spring and Summer,Negombo,Negombo,Active,Fashion
Spring and Summer,Nugegoda,Nugegoda,Active,Fashion
Spring and Summer,Panadura,Panadura,Active,Fashion
Spring and Summer,Wattala,Wattala,Active,Fashion
Zigzag,Flagship Store,Colombo 03,Active,Fashion
Zigzag,Negombo,Negombo,Active,Fashion
Wimaladharma & Sons,Colombo 05,Colombo 05,Active,Watches
Wimaladharma & Sons,Kotte,Sri Jayawardhanapura,Active,Watches
Wimaladharma & Sons,Wattala,Wattala,Active,Watches
The Sizzle,Colombo 03,Colombo 03,Active,Food
Chola Authentic Indian Restaurant,One Galle Face,Colombo 02,Active,Food
Chola Authentic Indian Restaurant,Colombo 00600,Colombo 06,Active,Food
Chola Authentic Indian Restaurant,Kynsey Road,Colombo 07,Active,Food
Chola Authentic Indian Restaurant,Thalawathugoda,Thalawathugoda,Active,Food
Chola Authentic Indian Restaurant,Wattala,Wattala,Active,Food
Jeya Book Center,Colombo 03,Colombo 03,Active,Books & Stationery
Jeya Book Center,Colombo 11,Colombo 11,Active,Books & Stationery
Jeya Book Center,Kandy,Kandy,Active,Books & Stationery
Jeya Book Center,Nugegoda,Nugegoda,Active,Books & Stationery
Jeya Book Center,Wattala,Wattala,Active,Books & Stationery
Bowl'd,"30, Sea View Avenue, Colombo 00300",Colombo 03,Active,Food
Peach Valley,"27 Flower Rd, Colombo 00700",Colombo 07,Active,Food
The Vanta Studios,"355, R. A. De Mel Mawatha, Colombo 00500",Colombo 05,Active,Fashion
Mimosa,One Galle Face - L2-21,Colombo 02,Active,Fashion
Mimosa,Cinnamon Life,Colombo 02,Active,Fashion
Mimosa,"355, R. A. De Mel Mawatha, Colombo 03",Colombo 03,Active,Fashion
Mimosa,Havelock City Mall,Colombo 05,Active,Fashion
Mimosa,Negambo,Negambo,Active,Fashion
Dilly & Carlo,Colombo City Center,Colombo 02,Active,Fashion
Dilly & Carlo,One Galle Face - L2-22,Colombo 02,Active,Fashion
Dilly & Carlo,One Galle Face L - 4,Colombo 02,Active,Fashion
Dilly & Carlo,"No. L 29 Crescat Boulevard, Galle Road, Colombo 03",Colombo 03,Active,Fashion
Dilly & Carlo,"No. 38, Ground Floor, Liberty Plaza, Galle Road, Colombo 03",Colombo 03,Active,Fashion
Dilly & Carlo,Havelock City Mall,Colombo 05,Active,Fashion
Dilly & Carlo,"Flagship Store, Flower Road, Colombo 07",Colombo 07,Active,Fashion
Aroma Bliss Ceylon,Bambalapitiya,Colombo 04,Active,Personal Care
Aroma Bliss Ceylon,Colombo 07,Colombo 07,Active,Personal Care
Aroma Bliss Ceylon,Negombo,Negombo,Active,Personal Care
Mama Louie's,"49 Skelton Rd, Colombo 05",Colombo 05,Active,Food
Mama Louie's,Kotte,Sri Jayawardhanapura,Active,Food
PastaMania,One Galle Face,Colombo 02,Active,Food
PastaMania,"502 R. A. De Mel Mawatha, Colombo 00300",Colombo 03,Active,Food
Island Wraps,"22 Bagatelle Road, Colombo 00300",Colombo 02,Active,Food
The Mango Tree,Colombo 03,Colombo 03,Active,Food
The Mango Tree,Colombo 05,Colombo 05,Active,Food
The Mango Tree,Colombo 06,Colombo 06,Active,Food
The Mango Tree,Colombo 07,Colombo 07,Active,Food
Made in Earth,Colombo 08,Colombo 08,Active,Groceries
Chinese Dragon Cafe,Bambalapitiya,Colombo 04,Active,Food
Chinese Dragon Cafe,Jaffna,Jaffna,Active,Food
Chinese Dragon Cafe,Kaduwela,Kaduwela,Active,Food
Chinese Dragon Cafe,Kandana,Kandana,Active,Food
Chinese Dragon Cafe,Nugegoda,Nugegoda,Active,Food
Chinese Dragon Cafe,Pelawatta,Battaramulla,Active,Food
Chinese Dragon Cafe,Rajagiriya,Rajagiriya,Active,Food
Chinese Dragon Cafe,Ratmalana,Ratmalana,Active,Food
Chinese Dragon Cafe,Wattala,Wattala,Active,Food
ShirtWorks,Colpetty SWX,Colombo 03,Active,Fashion
ShirtWorks,Bambalapitiya SWX,Colombo 04,Active,Fashion
ShirtWorks,Panadura SWX,Panadura,Active,Fashion
Union Chemists,Colombo 02,Colombo 02,Active,Pharmacy
Union Chemists,"Alfred Place, Colombo 03",Colombo 03,Active,Pharmacy
Union Chemists,"Kirula Road, Colombo - 05",Colombo 05,Active,Pharmacy
Union Chemists,"Castle Street, Colombo - 08",Colombo 08,Active,Pharmacy
Union Chemists,"Deans Road, Colombo - 10",Colombo 10,Active,Pharmacy
Union Chemists,"Hospital Street, Kalubowila",Dehiwala,Active,Pharmacy
Union Chemists,Kalubowila,Dehiwala,Active,Pharmacy
Union Chemists,Thalawathugoda,Thalawathugoda,Active,Pharmacy
Union Chemists,"Negombo Road, Wattala",Wattala,Active,Pharmacy
Stripes and Checks,One Galle Face,Colombo 02,Active,Fashion
Stripes and Checks,Colombo City Center ,Colombo 02,Active,Fashion
Stripes and Checks,Havelock Road,Colombo 05,Active,Fashion
Stripes and Checks,Ward Place,Colombo 07,Active,Fashion
Stripes and Checks,Mount Lavinia,Mount Lavinia,Active,Fashion
THIRTEEN THIRTYONE,Colombo 05,Colombo 05,Active,Fashion
TecRoot,Colombo 04,Colombo 04,Active,Games
KOTTULABS,Kelaniya,Kelaniya,Active,Food
KOTTULABS,Wattala,Wattala,Active,Food
The English Cake Company,One Galle Face,Colombo 02,Active,Food
The English Cake Company,Colombo 5,Colombo 05,Active,Food
The English Cake Company,Havelock City Mall,Colombo 05,Active,Food
Cool Planet,Pelawatte,Battaramulla,Active,Fashion
Cool Planet,Exibit,Colombo 02,Active,Fashion
Cool Planet,Colombo 05,Colombo 05,Active,Fashion
Cool Planet,Havelock City Mall,Colombo 05,Active,Fashion
Cool Planet,Kandy,Kandy,Active,Fashion
Cool Planet,Exibit - KCC,Kandy,Active,Fashion
Cool Planet,Malabe,Malabe,Active,Fashion
Cool Planet,Maharagama,Malabe,Active,Fashion
Cool Planet,Katubedda,Moratuwa,Active,Fashion
Cool Planet,Kirula,Narhenpita,Active,Fashion
Cool Planet,Nugegoda,Nugegoda,Active,Fashion
Cool Planet,Wattala,Wattala,Active,Fashion
Sarasavi Book Shop (Samudradevi Rd-Nugegoda Only),Samudra Devi Rd (Nugegoda),Nugegoda,Active,Books & Stationery
Nil's Store,OGF Mall,Colombo 02,Active,Fashion
Nil's Store,Galle,Galle,Active,Fashion
Nil's Store,Kandy,Kandy,Active,Fashion
Nil's Store,Kurunegala,Kurunegala,Active,Fashion
Nil's Store,Maharagama,Maharagama,Active,Fashion
Nil's Store,Nugegoda,Nugegoda,Active,Fashion
Nil's Store,Panadura,Panadura,Active,Fashion
Nil's Store,Thalawathugoda,Thalawathugoda,Active,Fashion
Nil's Store,Wattala,Wattala,Active,Fashion
Nil's Store,Mahabage,Wattala,Active,Fashion
Keells,Gothatuwa,Angoda,Active,Supermarkets
Keells,Mulleriyawa,Angoda,Active,Supermarkets
Keells,Anuradhapura,Anuradhpura,Active,Supermarkets
Keells,Avissawella,Avissawella,Active,Supermarkets
Keells,Bandaragama,Bandaragama,Active,Supermarkets
Keells,Thalahena,Baththramulla,Active,Supermarkets
Keells,Beruwala,Beruwala,Active,Supermarkets
Keells,Biyagama,Biyagama,Active,Supermarkets
Keells,Mawaramandiya,Biyagama,Active,Supermarkets
Keells,Sinharamulla,Biyagama,Active,Supermarkets
Keells,Boralasgomuwa,Boralasgamuwa,Active,Supermarkets
Keells,Raththanapitiya,Boralasgamuwa,Active,Supermarkets
Keells,Chilaw,chilaw,Active,Supermarkets
Keells,Marawila,chilaw,Active,Supermarkets
Keells,Wennappuwa,chilaw,Active,Supermarkets
Keells,Akuregoda,Hokandara,Active,Supermarkets
Keells,Arangala,Athurugiriya,Active,Supermarkets
Keells,Attidiya 2,Dehiwala,Active,Supermarkets
Keells,Athurugiriya 2,Athurugiriya,Active,Supermarkets
Keells,Battaramulla,Battaramulla,Active,Supermarkets
Keells,Shangri-La Mall,Colombo 02,Active,Supermarkets
Keells,Union Place,Colombo 02,Active,Supermarkets
Keells,Crescat,Colombo 03,Active,Supermarkets
Keells,Marine Drive,Colombo 04,Active,Supermarkets
Keells,Thimbirigasyaya,Colombo 05,Active,Supermarkets
Keells,Thurstan ,Colombo 07,Active,Supermarkets
Keells,Borella,Colombo 08,Active,Supermarkets
Keells,Darley Road,Colombo 1,Active,Supermarkets
Keells,Kotahena 1,Colombo 13,Active,Supermarkets
Keells,Kotahena 2,Colombo 13,Active,Supermarkets
Keells,Mattakkuliya,Colombo 15,Active,Supermarkets
Keells,Duplication Road,Colombo 3,Active,Supermarkets
Keells,Edmonton,Colombo 5,Active,Supermarkets
Keells,Havelock Road,Colombo 5,Active,Supermarkets
Keells,Dehiwala,Dehiwala,Active,Supermarkets
Keells,Eheliyagoda,Eheliyagoda,Active,Supermarkets
Keells,Embilipitiya,Embilipitiya,Active,Supermarkets
Keells,Ambalangoda,Ambalangoda,Active,Supermarkets
Keells,Galle 1,Galle,Active,Supermarkets
Keells,Galle 2 (Kalegana),Galle,Active,Supermarkets
Keells,Karapitiya,Galle,Active,Supermarkets
Keells,Gampaha 2,Gampaha,Active,Supermarkets
Keells,Gamsabha,Gampaha,Active,Supermarkets
Keells,Miriswatta,Gampaha,Active,Supermarkets
Keells,Yakkala,Gampaha,Active,Supermarkets
Keells,Gampola,Gampola,Active,Supermarkets
Keells,Ganemulla,Ganemulla,Active,Supermarkets
Keells,Hokandara,Hokandara,Active,Supermarkets
Keells,Godagama,Homagama,Active,Supermarkets
Keells,Homagama,Homagama,Active,Supermarkets
Keells,Horana,Horana,Active,Supermarkets
Keells,Ja-Ela 2 (Ekala),Ja Ela,Active,Supermarkets
Keells,Ja Ela 3,Ja Ela,Active,Supermarkets
Keells,Jaffna,Jaffna,Active,Supermarkets
Keells,Eldeniya,Kadawatha,Active,Supermarkets
Keells,Kirillawala,Kadawatha,Active,Supermarkets
Keells,Kaduwela,Kaduwela,Active,Supermarkets
Keells,Aggona,Kaduwela,Active,Supermarkets
Keells,Thihariya,Kalagedihena,Active,Supermarkets
Keells,Aluthgama,Kalutara,Active,Supermarkets
Keells,Kaluthara 2,Kalutara,Active,Supermarkets
Keells,Kaluthara,Kalutara,Active,Supermarkets
Keells,Kandy 1,Kandy,Active,Supermarkets
Keells,Kandy 2,Kandy,Active,Supermarkets
Keells,Kandy 3,Kandy,Active,Supermarkets
Keells,Pallakelle,Kandy,Active,Supermarkets
Keells,Katugastota 2,Kandy,Active,Supermarkets
Keells,Katugastota,Katugastota,Active,Supermarkets
Keells,Seeduwa,Katunayake,Active,Supermarkets
Keells,Andiambalama,Katunayake,Active,Supermarkets
Keells,Kegalle,Kegalle,Active,Supermarkets
Keells,Kelaniya,Kelaniya,Active,Supermarkets
Keells,Tyre Junction,Kelaniya,Active,Supermarkets
Keells,Kiribathgoda 1,Kiribathgoda,Active,Supermarkets
Keells,Kiribathgoda 2,Kiribathgoda,Active,Supermarkets
Keells,Makola,Kiribathgoda,Active,Supermarkets
Keells,Kurunegala 2,Kurunegala,Active,Supermarkets
Keells,Kurunegala 3,Kurunegala,Active,Supermarkets
Keells,Maharagama 1,Maharagama,Active,Supermarkets
Keells,Maharagama 2,Maharagama,Active,Supermarkets
Keells,Maharagama 3,Maharagama,Active,Supermarkets
Keells,Pittugala,Malabe,Active,Supermarkets
Keells,Matale 2,Matale,Active,Supermarkets
Keells,Matale 1,Matale,Active,Supermarkets
Keells,Matara 1,Matara,Active,Supermarkets
Keells,Matara - Broadway,Matara,Active,Supermarkets
Keells,Matara 2,Matara,Active,Supermarkets
Keells,Matugama,Matugama,Active,Supermarkets
Keells,Mawanella,Mawanella,Active,Supermarkets
Keells,Minuwangoda,Minuwangoda,Active,Supermarkets
Keells,Katubedda,Moratuwa,Active,Supermarkets
Keells,Moratuwa 3,Moratuwa,Active,Supermarkets
Keells,Moratuwa Mall,Moratuwa,Active,Supermarkets
Keells,Kalubowila,Mount Lavinia,Active,Supermarkets
Keells,Mount Lavinia,Mount Lavinia,Active,Supermarkets
Keells,Rathmalana,Mount Lavinia,Active,Supermarkets
Keells,Negombo 3 (Dalupotha),Negambo,Active,Supermarkets
Keells,Kochchikade,Negambo,Active,Supermarkets
Keells,Negombo - Kurana,Negambo,Active,Supermarkets
Keells,Negombo 2 (Kimbulapitiya),Negambo,Active,Supermarkets
Keells,Negombo - Telwatta,Negambo,Active,Supermarkets
Keells,Embuldeniya,Nugegoda,Active,Supermarkets
Keells,Kohuwala 1,Nugegoda,Active,Supermarkets
Keells,Kohuwala 2,Nugegoda,Active,Supermarkets
Keells,Kotte,Sri Jayawardhanapura,Active,Supermarkets
Keells,Nawala,Nugegoda,Active,Supermarkets
Keells,Pitakotte 1,Sri Jayawardhanapura,Active,Supermarkets
Keells,Pitakotte 2,Sri Jayawardhanapura,Active,Supermarkets
Keells,Wijerama,Nugegoda,Active,Supermarkets
Keells,Nugegoda 2,Nugegoda,Active,Supermarkets
Keells,Gorakana,Panadura,Active,Supermarkets
Keells,Panadura 4 (Nalluruwa),Panadura,Active,Supermarkets
Keells,Panadura 2,Panadura,Active,Supermarkets
Keells,Panadura 3 (Wekada),Panadura,Active,Supermarkets
Keells,Kottawa 2,Pannipitiya,Active,Supermarkets
Keells,Kottawa 3,Pannipitiya,Active,Supermarkets
Keells,Pannipitiya,Pannipitiya,Active,Supermarkets
Keells,Vidyala Junction,Pannipitiya,Active,Supermarkets
Keells,kesbewa 1,Kesbewa,Active,Supermarkets
Keells,Kesbawa 2,Kesbewa,Active,Supermarkets
Keells,Piliyandala 1,Piliyandala,Active,Supermarkets
Keells,Piliyandala 2,Piliyandala,Active,Supermarkets
Keells,Puttalam,Puttalam,Active,Supermarkets
Keells,Ragama Delpe,Ragama,Active,Supermarkets
Keells,Ragama,Ragama,Active,Supermarkets
Keells,Rajagiriya 1,Rajagiriya,Active,Supermarkets
Keells,Rajagiriya 2,Rajagiriya,Active,Supermarkets
Keells,Rathnapura,Rathnapura,Active,Supermarkets
Keells,Rathnapura 2,Rathnapura,Active,Supermarkets
Keells,Tangalle,Tangalle,Active,Supermarkets
Keells,Thalawathugoda 1 (Capital Mall,Thalawathugoda,Active,Supermarkets
Keells,Thalawathugoda 2,Thalawathugoda,Active,Supermarkets
Keells,Thalawathugoda 3,Thalawathugoda,Active,Supermarkets
Keells,Wadduwa,Wadduwa,Active,Supermarkets
Keells,Enderamulla,Wattala,Active,Supermarkets
Keells,Kerawalapitiya,Wattala,Active,Supermarkets
Keells,Mahabage 2,Wattala,Active,Supermarkets
Keells,Wattala 2,Wattala,Active,Supermarkets
Keells,Wellampitiya,Wellampitiya,Active,Supermarkets
Keells,Divulapitiya,Divulapitiya,Active,Supermarkets
Street Burger,Bambalapitiya,Colombo 04,Active,Food
Street Burger,Galle,Galle,Active,Food
Street Burger,Ja Ela,Ja Ela,Active,Food
Street Burger,Maharagama,Maharagama,Active,Food
Street Burger,Mount Lavinia,Mount Lavinia,Active,Food
Street Burger,Nawala,Nawala,Active,Food
Street Burger,Negombo,Negambo,Active,Food
Street Burger,Kotte,Sri Jayawardhanapura,Active,Food
Street Burger,Wattala,Wattala,Active,Food
Quantum Fitness,Battaramulla,Colombo,Active,Fitness
Quantum Fitness,Colombo 04,Colombo 04,Active,Fitness
Quantum Fitness,Galle,Galle,Active,Fitness
Quantum Fitness,Kandy,Kandy,Active,Fitness
House of Wines,Colombo 07,Colombo 03,Active,Food
Theva Residency,Kandy,Kandy,Active,Hotel
Water Garden Sigiriya,Sigiriya,Sigiriya,Active,Hotel
The Blue Water Hotel and Spa,Kalutara,Kalutara,Active,Hotel
Glenross Living,Kalutara,Kalutara,Active,Hotel
Singer,AGALAWATTA,AGALAWATTA,Active,Homeware
Singer,AHANGAMA,AHANGAMA,Active,Homeware
Singer,AKKARAIPATTU,AKKARAIPATTU,Active,Homeware
Singer,AKURANA,AKURANA,Active,Homeware
Singer,AKURESSA,AKURESSA,Active,Homeware
Singer,AKURESSA - B,AKURESSA ,Active,Homeware
Singer,ALAWATHUGODA,ALAWATHUGODA,Active,Homeware
Singer,ALAWWA,ALAWWA,Active,Homeware
Singer,ALUTHGAMA,ALUTHGAMA,Active,Homeware
Singer,AMBALANGODA,AMBALANGODA,Active,Homeware
Singer,AMBALANTHOTA - B,AMBALANTHOTA ,Active,Homeware
Singer,AMBALANTOTA,AMBALANTOTA,Active,Homeware
Singer,AMPARA,AMPARA,Active,Homeware
Singer,AMPARA - C,AMPARA ,Active,Homeware
Singer,ANAMADUWA,ANAMADUWA,Active,Homeware
Singer,ANGODA,ANGODA,Active,Homeware
Singer,ANGUNAKOLAPELESSA,ANGUNAKOLAPELESSA,Active,Homeware
Singer,SHOMES- ANURADHAPURA,ANURADHAPUR,Active,Homeware
Singer,ANURADHAPURA A,ANURADHAPURA ,Active,Homeware
Singer,ANURADHAPURA B,ANURADHAPURA ,Active,Homeware
Singer,ANURADHAPURA C,ANURADHAPURA ,Active,Homeware
Singer,ARALAGANWILA,ARALAGANWILA,Active,Homeware
Singer,ATHURUGIRIYA,ATHURUGIRIYA,Active,Homeware
Singer,ATTIDIYA,ATTIDIYA,Active,Homeware
Singer,AVISSAWELLA,AVISSAWELLA,Active,Homeware
Singer,AVISSAWELLA - B,AVISSAWELLA ,Active,Homeware
Singer,BADALKUMBURA,BADALKUMBURA,Active,Homeware
Singer,BADDEGAMA,BADDEGAMA,Active,Homeware
Singer,BADULLA,BADULLA,Active,Homeware
Singer,SHOMES-BADULLA,BADULLA,Active,Homeware
Singer,BADULLA - C,BADULLA ,Active,Homeware
Singer,BADULLA B,BADULLA ,Active,Homeware
Singer,BADURALIYA,BADURALIYA,Active,Homeware
Singer,BAKAMOONA,BAKAMOONA,Active,Homeware
Singer,BALANGODA,BALANGODA,Active,Homeware
Singer,BALANGODA - B,BALANGODA ,Active,Homeware
Singer,BANDARAGAMA,BANDARAGAMA,Active,Homeware
Singer,BANDARAWELA,BANDARAWELA,Active,Homeware
Singer,BANDARAWELA -C,BANDARAWELA ,Active,Homeware
Singer,BANDARAWELA B,BANDARAWELA ,Active,Homeware
Singer,BATTARAMULLA,BATTARAMULLA,Active,Homeware
Singer,BATTICALOA,BATTICALOA,Active,Homeware
Singer,BATTICALOA B,BATTICALOA ,Active,Homeware
Singer,BELIATTA,BELIATTA,Active,Homeware
Singer,BERUWELA SHOP,BERUWELA ,Active,Homeware
Singer,BIBILE,BIBILE,Active,Homeware
Singer,BINGIRIYA,BINGIRIYA,Active,Homeware
Singer,BORALESGAMUWA,BORALESGAMUWA,Active,Homeware
Singer,BUDGET-SHOP -BORELLA,BORELLA,Active,Homeware
Singer,BORELLA C,BORELLA ,Active,Homeware
Singer,BUDGET SHOP-E-GODA,E-GODA,Active,Homeware
Singer,BUDGET SHOP-HORANA,HORANA,Active,Homeware
Singer,BULATHKOHUPITIYA,BULATHKOHUPITIYA,Active,Homeware
Singer,BULATHSINGHALA,BULATHSINGHALA,Active,Homeware
Singer,BUTTALA,BUTTALA,Active,Homeware
Singer,CHANKANI,CHANKANI,Active,Homeware
Singer,CHAVAKACHCHERI,CHAVAKACHCHERI,Active,Homeware
Singer,CHENKALADY,CHENKALADY,Active,Homeware
Singer,CHILAW,CHILAW,Active,Homeware
Singer,CHUNNAKAM - B,CHUNNAKAM ,Active,Homeware
Singer,COLPETTY,COLPETTY,Active,Homeware
Singer,BUDGET SHOP-DAMBULLA,DAMBULLA,Active,Homeware
Singer,DAMBULLA,DAMBULLA,Active,Homeware
Singer,DANKOTUWA,DANKOTUWA,Active,Homeware
Singer,DARGA TOWN,DARGA TOWN,Active,Homeware
Singer,DEHIATTAKANDIYA,DEHIATTAKANDIYA,Active,Homeware
Singer,DEHIOWITA,DEHIOWITA,Active,Homeware
Singer,DEHIWELA,DEHIWELA,Active,Homeware
Singer,DELGODA,DELGODA,Active,Homeware
Singer,DELKANDA,DELKANDA,Active,Homeware
Singer,DENIYAYA,DENIYAYA,Active,Homeware
Singer,DERANIYAGALA,DERANIYAGALA,Active,Homeware
Singer,DICKWELLA,DICKWELLA,Active,Homeware
Singer,DICKWELLA - B,DICKWELLA ,Active,Homeware
Singer,DIGANA,DIGANA,Active,Homeware
Singer,DIGANA - B,DIGANA - ,Active,Homeware
Singer,DIPPITIYA,DIPPITIYA,Active,Homeware
Singer,DIVULAPITIYA,DIVULAPITIYA,Active,Homeware
Singer,DIYABEDUMA,DIYABEDUMA,Active,Homeware
Singer,DIYASENAPURA,DIYASENAPURA,Active,Homeware
Singer,DIYATHALAWA,DIYATHALAWA,Active,Homeware
Singer,DOMPE,DOMPE,Active,Homeware
Singer,EHELIYAGODA,EHELIYAGODA,Active,Homeware
Singer,EHELIYAGODA - B,EHELIYAGODA,Active,Homeware
Singer,ELPITIYA,ELPITIYA,Active,Homeware
Singer,EMBILIPITI NEW TOWN,EMBILIPITI NEW TOWN,Active,Homeware
Singer,EMBILIPITIYA,EMBILIPITIYA,Active,Homeware
Singer,EPPAWELA,EPPAWELA,Active,Homeware
Singer,ETTAMPITIYA,ETTAMPITIYA,Active,Homeware
Singer,GALAGEDARA,GALAGEDARA,Active,Homeware
Singer,GALAHA,GALAHA,Active,Homeware
Singer,GALENBIDUNUWEWA,GALENBIDUNUWEWA,Active,Homeware
Singer,GALEWELA - B,GALEWELA - ,Active,Homeware
Singer,GALGAMUWA,GALGAMUWA,Active,Homeware
Singer,GALLE - C,GALLE ,Active,Homeware
Singer,GALLE B,GALLE B,Active,Homeware
Singer,GALLE-A,GALLE-A,Active,Homeware
Singer,GALNEWA,GALNEWA,Active,Homeware
Singer,GAMPAHA,GAMPAHA,Active,Homeware
Singer,GAMPOLA,GAMPOLA,Active,Homeware
Singer,GAMPOLA - C,GAMPOLA ,Active,Homeware
Singer,GANEMULLA,GANEMULLA,Active,Homeware
Singer,GELIOYA,GELIOYA,Active,Homeware
Singer,GINIGATHHENA,GINIGATHHENA,Active,Homeware
Singer,GIRANDURUKOTTE,GIRANDURUKOTTE,Active,Homeware
Singer,GIRIULLA,GIRIULLA,Active,Homeware
Singer,GODAKAWELA,GODAKAWELA,Active,Homeware
Singer,GOTHATUWA,GOTHATUWA,Active,Homeware
Singer,HABARADUWA,HABARADUWA,Active,Homeware
Singer,HABARANA,HABARANA,Active,Homeware
Singer,HAKMANA,HAKMANA,Active,Homeware
Singer,HALDUMMULLA,HALDUMMULLA,Active,Homeware
Singer,HALI-ELA,HALI-ELA,Active,Homeware
Singer,HAMBANTOTA,HAMBANTOTA,Active,Homeware
Singer,HANWELLA,HANWELLA,Active,Homeware
Singer,HAPUTHALE,HAPUTHALE,Active,Homeware
Singer,HATTON,HATTON,Active,Homeware
Singer,HEMMATHAGAMA,HEMMATHAGAMA,Active,Homeware
Singer,HETTIPOLA,HETTIPOLA,Active,Homeware
Singer,HIKKADUWA,HIKKADUWA,Active,Homeware
Singer,HINGURAKGODA,HINGURAKGODA,Active,Homeware
Singer,HIRIPITIYA,HIRIPITIYA,Active,Homeware
Singer,HOMAGAMA,HOMAGAMA,Active,Homeware
Singer,HOMAGAMA - B,HOMAGAMA ,Active,Homeware
Singer,HORANA,HORANA,Active,Homeware
Singer,HOROWPATHANA,HOROWPATHANA,Active,Homeware
Singer,IBBAGAMUWA,IBBAGAMUWA,Active,Homeware
Singer,IMADUWA,IMADUWA,Active,Homeware
Singer,INGIRIYA,INGIRIYA,Active,Homeware
Singer,JA ELA - B,Ja Ela,Active,Homeware
Singer,JA-ELA,Ja Ela,Active,Homeware
Singer,JAFFNA,Jaffna,Active,Homeware
Singer,JAFFNA-HOSPITAL ROAD,Jaffna,Active,Homeware
Singer,JAFFNA PANNAI BRANCH,JAFFNA PANNAI BRANCH,Active,Homeware
Singer,JAYANTHIPURA,JAYANTHIPURA,Active,Homeware
Singer,SHOMES-KADAWATHA,KADAWATHA,Active,Homeware
Singer,KADAWATHA A,KADAWATHA ,Active,Homeware
Singer,KADAWATHA B,KADAWATHA ,Active,Homeware
Singer,KADUGANNAWA,KADUGANNAWA,Active,Homeware
Singer,KADURUWELA,KADURUWELA,Active,Homeware
Singer,KADURUWELA B,KADURUWELA ,Active,Homeware
Singer,KADUWELA,Kaduwela,Active,Homeware
Singer,KAHATAGASDIGILIYA,KAHATAGASDIGILIYA,Active,Homeware
Singer,KAHAWATTA,KAHAWATTA,Active,Homeware
Singer,KAHAWATTA - B,KAHAWATTA,Active,Homeware
Singer,KALAWANA,KALAWANA,Active,Homeware
Singer,KALAWANCHIKUDY,KALAWANCHIKUDY,Active,Homeware
Singer,KALMUNAI,KALMUNAI,Active,Homeware
Singer,KALMUNAI B,KALMUNAI,Active,Homeware
Singer,SHOMES-KALUTARA,KALUTARA,Active,Homeware
Singer,KALUTARA A,KALUTARA ,Active,Homeware
Singer,KAMBURUPITIYA,KAMBURUPITIYA,Active,Homeware
Singer,KANDANA,KANDANA,Active,Homeware
Singer,KANDY,KANDY,Active,Homeware
Singer,KANDY - B,KANDY ,Active,Homeware
Singer,KANTALAI,KANTALAI,Active,Homeware
Singer,KARANDENIYA,KARANDENIYA,Active,Homeware
Singer,KARAPITIYA,KARAPITIYA,Active,Homeware
Singer,KATANA,KATANA,Active,Homeware
Singer,KATARAGAMA,KATARAGAMA,Active,Homeware
Singer,KATTANKUDY,KATTANKUDY,Active,Homeware
Singer,KATUBEDDA,KATUBEDDA,Active,Homeware
Singer,KATUGASTOTA,KATUGASTOTA,Active,Homeware
Singer,KATUGASTOTA - B,KATUGASTOTA ,Active,Homeware
Singer,KATUPOTHA,KATUPOTHA,Active,Homeware
Singer,KEBITHIGOLLEWA,KEBITHIGOLLEWA,Active,Homeware
Singer,KEGALLE,KEGALLE,Active,Homeware
Singer,SHOMES-KEGALLE,KEGALLE,Active,Homeware
Singer,KEGALLE - C,KEGALLE ,Active,Homeware
Singer,KEGALLE B,KEGALLE ,Active,Homeware
Singer,KEKIRAWA,KEKIRAWA,Active,Homeware
Singer,KEKIRAWA - B,KEKIRAWA - ,Active,Homeware
Singer,KELANIYA -LITE,KELANIYA ,Active,Homeware
Singer,KESBEWA,KESBEWA,Active,Homeware
Singer,KILINOCHCHI,KILINOCHCHI,Active,Homeware
Singer,KILINOCHCHI - B,KILINOCHCHI ,Active,Homeware
Singer,KIRIBATHGODA B,KIRIBATHGODA ,Active,Homeware
Singer,KIRIELLA,KIRIELLA,Active,Homeware
Singer,KIRINDIWELA,KIRINDIWELA,Active,Homeware
Singer,KIRINDIWELA - B,KIRINDIWELA ,Active,Homeware
Singer,KOBEIGANE,KOBEIGANE,Active,Homeware
Singer,KOCHCHIKADE,KOCHCHIKADE,Active,Homeware
Singer,KODIKAMAM,KODIKAMAM,Active,Homeware
Singer,KOHUWELA,KOHUWELA,Active,Homeware
Singer,KOKKADICHOLAI,KOKKADICHOLAI,Active,Homeware
Singer,KOSGAMA,KOSGAMA,Active,Homeware
Singer,KOTAHENA,KOTAHENA,Active,Homeware
Singer,KOTIYAKUMBURA,KOTIYAKUMBURA,Active,Homeware
Singer,KOTTAWA,KOTTAWA,Active,Homeware
Singer,KULIYAPITIYA,KULIYAPITIYA,Active,Homeware
Singer,KULIYAPITIYA - B,KULIYAPITIYA ,Active,Homeware
Singer,KUNDASALE,KUNDASALE,Active,Homeware
Singer,KURUNEGALA - D,KURUNEGALA ,Active,Homeware
Singer,KURUNEGALA B,KURUNEGALA ,Active,Homeware
Singer,KURUNEGALA C,KURUNEGALA ,Active,Homeware
Singer,KURUWITA,KURUWITA,Active,Homeware
Singer,LUNUGALA -LITE,LUNUGALA ,Active,Homeware
Singer,MAHARAGAMA,MAHARAGAMA,Active,Homeware
Singer,MAHARAGAMA B,MAHARAGAMA ,Active,Homeware
Singer,MAHIYANGANA,MAHIYANGANA,Active,Homeware
Singer,MAHIYANGANA - B,MAHIYANGANA,Active,Homeware
Singer,MAHO,MAHO,Active,Homeware
Singer,MALABE,MALABE,Active,Homeware
Singer,MALLAVI,MALLAVI,Active,Homeware
Singer,MANIPAY,MANIPAY,Active,Homeware
Singer,MANNAR,MANNAR,Active,Homeware
Singer,MARADAGAHAMULLA,MARADAGAHAMULLA,Active,Homeware
Singer,MARADANA,MARADANA,Active,Homeware
Singer,MATALE,MATALE,Active,Homeware
Singer,MATALE - B,MATALE - ,Active,Homeware
Singer,MATARA-B,MATARA,Active,Homeware
Singer,SHOMES-MATARA,MATARA,Active,Homeware
Singer,MATARA-A,MATARA,Active,Homeware
Singer,MATHUGAMA,MATHUGAMA,Active,Homeware
Singer,MATTAKKULIYA,MATTAKKULIYA,Active,Homeware
Singer,MATUGAMA - B,MATUGAMA ,Active,Homeware
Singer,MAWANELLA,MAWANELLA,Active,Homeware
Singer,MAWANELLA - B,MAWANELLA ,Active,Homeware
Singer,MAWARAMANDIYA,MAWARAMANDIYA,Active,Homeware
Singer,MAWATHAGAMA,MAWATHAGAMA,Active,Homeware
Singer,MEDAGAMA,MEDAGAMA,Active,Homeware
Singer,MEDAWACHCHIYA,MEDAWACHCHIYA,Active,Homeware
Singer,MEDIRIGIRIYA,MEDIRIGIRIYA,Active,Homeware
Singer,MEEGAHAKIULA,MEEGAHAKIULA,Active,Homeware
Singer,MELSIRIPURA,MELSIRIPURA,Active,Homeware
Singer,MENIKHINNA,MENIKHINNA,Active,Homeware
Singer,MIDDENIYA,MIDDENIYA,Active,Homeware
Singer,MILAGIRIYA,MILAGIRIYA,Active,Homeware
Singer,MINUWANGODA,MINUWANGODA,Active,Homeware
Singer,MINUWANGODA - B,MINUWANGODA ,Active,Homeware
Singer,MIRIGAMA,MIRIGAMA,Active,Homeware
Singer,MIRIGAMA - B,MIRIGAMA ,Active,Homeware
Singer,MONARAGALA,MONARAGALA,Active,Homeware
Singer,MONARAGALA - B,MONARAGALA ,Active,Homeware
Singer,MORAGAHAHENA,MORAGAHAHENA,Active,Homeware
Singer,BUDGET SHOP-MORATUWA,MORATUWA,Active,Homeware
Singer,MORATUWA,MORATUWA,Active,Homeware
Singer,MORATUWA - B,MORATUWA ,Active,Homeware
Singer,MORAWAKA,MORAWAKA,Active,Homeware
Singer,MULLAITIVU,MULLAITIVU,Active,Homeware
Singer,MURUNKAN,MURUNKAN,Active,Homeware
Singer,MUTUR,MUTUR,Active,Homeware
Singer,NARAMMALA,NARAMMALA,Active,Homeware
Singer,NARAMMALA - B,NARAMMALA ,Active,Homeware
Singer,NATTANDIYA,NATTANDIYA,Active,Homeware
Singer,NAULA,NAULA,Active,Homeware
Singer,NAWA MEDAGAMA,NAWA MEDAGAMA,Active,Homeware
Singer,NAWALAPITIYA,NAWALAPITIYA,Active,Homeware
Singer,NEGOMBO,NEGOMBO,Active,Homeware
Singer,NEGOMBO - C,NEGOMBO ,Active,Homeware
Singer,NELLIADY,NELLIADY,Active,Homeware
Singer,NELUMDENIYA-LITE,NELUMDENIYA,Active,Homeware
Singer,NELUWA,NELUWA,Active,Homeware
Singer,NIKAWARATIYA - B,NIKAWARATIYA ,Active,Homeware
Singer,NIKAWERATIYA,NIKAWERATIYA,Active,Homeware
Singer,NITTAMBUWA,NITTAMBUWA,Active,Homeware
Singer,NITTAMBUWA - B,NITTAMBUWA ,Active,Homeware
Singer,NIVITHIGALA,NIVITHIGALA,Active,Homeware
Singer,NOCHCHIYAGAMA,NOCHCHIYAGAMA,Active,Homeware
Singer,NOROCHCHOLAI,NOROCHCHOLAI,Active,Homeware
Singer,SAMSUNG -NUGEGODA,NUGEGODA,Active,Homeware
Singer,NUWARAELIYA-B,NUWARAELIYA,Active,Homeware
Singer,NUWARAELIYA - C,NUWARAELIYA ,Active,Homeware
Singer,NUWARAELIYA A,NUWARAELIYA ,Active,Homeware
Singer,PABAHINNA-LITE,PABAHINNA-LITE,Active,Homeware
Singer,PADIYATHALAWA,PADIYATHALAWA,Active,Homeware
Singer,PADUKKA,PADUKKA,Active,Homeware
Singer,PALLEBEDDA,PALLEBEDDA,Active,Homeware
Singer,PALLEPOLA,PALLEPOLA,Active,Homeware
Singer,PANADURA,PANADURA,Active,Homeware
Singer,PANADURA - B,PANADURA ,Active,Homeware
Singer,PANNALA,PANNALA,Active,Homeware
Singer,PARAKRAMAPURA,PARAKRAMAPURA,Active,Homeware
Singer,PASSARA,PASSARA,Active,Homeware
Singer,PASYALA,PASYALA,Active,Homeware
Singer,PELAWATTA-MATU,PELAWATTA,Active,Homeware
Singer,PELAWATTA,PELAWATTA,Active,Homeware
Singer,PELIYAGODA,PELIYAGODA,Active,Homeware
Singer,PELMADULLA,PELMADULLA,Active,Homeware
Singer,PELMADULLA - B,PELMADULLA - B,Active,Homeware
Singer,PERADENIYA,PERADENIYA,Active,Homeware
Singer,PILIMATHALAWA,PILIMATHALAWA,Active,Homeware
Singer,PILIMATHALAWA - B,PILIMATHALAWA ,Active,Homeware
Singer,PILIYANDALA,PILIYANDALA,Active,Homeware
Singer,PILIYANDALA B,PILIYANDALA ,Active,Homeware
Singer,PINNADUWA,PINNADUWA,Active,Homeware
Singer,PITA-KOTTE,PITA-KOTTE,Active,Homeware
Singer,PITABEDDARA,PITABEDDARA,Active,Homeware
Singer,PITIGALA,PITIGALA,Active,Homeware
Singer,POINT PEDRO,POINT PEDRO,Active,Homeware
Singer,POLGAHAWELA,POLGAHAWELA,Active,Homeware
Singer,POLONNARUWA,POLONNARUWA,Active,Homeware
Singer,POLPITHIGAMA,POLPITHIGAMA,Active,Homeware
Singer,POLWATTA,POLWATTA,Active,Homeware
Singer,POOJAPITIYA,POOJAPITIYA,Active,Homeware
Singer,POTHUHARA,POTHUHARA,Active,Homeware
Singer,POTHUVIL,POTHUVIL,Active,Homeware
Singer,PUGODA,PUGODA,Active,Homeware
Singer,PUSSELLAWA,PUSSELLAWA,Active,Homeware
Singer,PUTHUKKUDIYIRUPPU,PUTHUKKUDIYIRUPPU,Active,Homeware
Singer,PUTTALAM,PUTTALAM,Active,Homeware
Singer,RAGAMA,RAGAMA,Active,Homeware
Singer,RAMBEWA,RAMBEWA,Active,Homeware
Singer,RAMBUKKANA,RAMBUKKANA,Active,Homeware
Singer,RATHMALANA,RATHMALANA,Active,Homeware
Singer,SHOMES-RATHNAPURA,RATHNAPURA,Active,Homeware
Singer,RATHNAPURA - C,RATHNAPURA ,Active,Homeware
Singer,RATHNAPURA A,RATHNAPURA ,Active,Homeware
Singer,RATHNAPURA B,RATHNAPURA ,Active,Homeware
Singer,RATTOTA,RATTOTA,Active,Homeware
Singer,RIDEEGAMA,RIDEEGAMA,Active,Homeware
Singer,RIKILLAGASKADA,RIKILLAGASKADA,Active,Homeware
Singer,RUWANWELLA,RUWANWELLA,Active,Homeware
Singer,SEEDUWA,SEEDUWA,Active,Homeware
Singer,SETTIKULAM,SETTIKULAM,Active,Homeware
Singer,SHOMES- CHILAW,SHOMES- CHILAW,Active,Homeware
Singer,SHOMES- GODAGAMA,SHOMES- GODAGAMA,Active,Homeware
Singer,SHOMES- KANDY,SHOMES- KANDY,Active,Homeware
Singer,SHOMES- MATALE,SHOMES- MATALE,Active,Homeware
Singer,SHOMES-NEGOMBO,SHOMES-NEGOMBO,Active,Homeware
Singer,SIRIPURA-LITE,SIRIPURA-LITE,Active,Homeware
Singer,SIYAMBALANDUWA,SIYAMBALANDUWA,Active,Homeware
Singer,SURIYAWEWA,SURIYAWEWA,Active,Homeware
Singer,TANGALLE,TANGALLE,Active,Homeware
Singer,THALAWA,THALAWA,Active,Homeware
Singer,THALAWAKELLE,THALAWAKELLE,Active,Homeware
Singer,THALAWATHUGODA,THALAWATHUGODA,Active,Homeware
Singer,THALGASWALA,THALGASWALA,Active,Homeware
Singer,THAMBUTTEGAMA,THAMBUTTEGAMA,Active,Homeware
Singer,THANAMALWILA,THANAMALWILA,Active,Homeware
Singer,THIMBIRIGASYAYA,THIMBIRIGASYAYA,Active,Homeware
Singer,THIRAPPANE,THIRAPPANE,Active,Homeware
Singer,TISSAMAHARAMA,TISSAMAHARAMA,Active,Homeware
Singer,TISSAMAHARAMA - B,TISSAMAHARAMA ,Active,Homeware
Singer,TRINCOMALEE B,TRINCOMALEE ,Active,Homeware
Singer,BUDGET-SHOP UDAHAMUL,UDAHAMUL,Active,Homeware
Singer,UDUDUMBARA,UDUDUMBARA,Active,Homeware
Singer,UHANA,UHANA,Active,Homeware
Singer,UKUWELA -LITE,UKUWELA ,Active,Homeware
Singer,UNION PLACE,UNION PLACE,Active,Homeware
Singer,UNION PLACE - B,UNION PLACE ,Active,Homeware
Singer,URUBOKKA,URUBOKKA,Active,Homeware
Singer,VAVUNIYA,VAVUNIYA,Active,Homeware
Singer,VAVUNIYA - B,VAVUNIYA ,Active,Homeware
Singer,VEYANGODA,VEYANGODA,Active,Homeware
Singer,VEYANGODA - B,VEYANGODA ,Active,Homeware
Singer,WADDUWA,WADDUWA,Active,Homeware
Singer,WALAPANE,WALAPANE,Active,Homeware
Singer,WALASMULLA,WALASMULLA,Active,Homeware
Singer,WANDURAMBA,WANDURAMBA,Active,Homeware
Singer,WARAKAPOLA,WARAKAPOLA,Active,Homeware
Singer,WARAKAPOLA - B,WARAKAPOLA ,Active,Homeware
Singer,WARD PLACE,WARD PLACE,Active,Homeware
Singer,WARIYAPOLA,WARIYAPOLA,Active,Homeware
Singer,WATTALA,WATTALA,Active,Homeware
Singer,WATTEGAMA,WATTEGAMA,Active,Homeware
Singer,WEERAKETIYA,WEERAKETIYA,Active,Homeware
Singer,WELIGAMA,WELIGAMA,Active,Homeware
Singer,WELIKANDA,WELIKANDA,Active,Homeware
Singer,WELIMADA A,WELIMADA,Active,Homeware
Singer,WELIMADA - B,WELIMADA ,Active,Homeware
Singer,WELIVERIYA,WELIVERIYA,Active,Homeware
Singer,WELLAMPITIYA,WELLAMPITIYA,Active,Homeware
Singer,WELLAWATTA,WELLAWATTA,Active,Homeware
Singer,WELLAWAYA,WELLAWAYA,Active,Homeware
Singer,WENNAPPUWA,WENNAPPUWA,Active,Homeware
Singer,WILACHCHIYA,WILACHCHIYA,Active,Homeware
Singer,WILGAMUWA,WILGAMUWA,Active,Homeware
Singer,YAKKALA,YAKKALA,Active,Homeware
Singer,YATAWATTE,YATAWATTE,Active,Homeware
Singer,YATIYANTHOTA,YATIYANTHOTA,Active,Homeware
Arpico Daily,Anuradhapuraya,Anuradhapura,Active,Supermarkets
Arpico Daily,Athurugiriya,Athurugiriya,Active,Supermarkets
Arpico Super Centre,Battaramulla SC,Battaramulla,Active,Supermarkets
Arpico Super Centre,Borelasgamuwa SS,Borelasgamuwa,Active,Supermarkets
Arpico Daily,Chilaw,Chilaw,Active,Supermarkets
Arpico Daily,Wennapuwa,Chilaw,Active,Supermarkets
Arpico Super Centre,Hyde Park SC,Colombo 02,Active,Supermarkets
Arpico Super Centre,Dehiwala SC,Dehiwala,Active,Supermarkets
Arpico Daily,Attidiya,Dehiwala,Active,Supermarkets
Arpico Super Centre,Galle SC,Galle,Active,Supermarkets
Arpico Super Centre,Gampaha SC,Gampaha,Active,Supermarkets
Arpico Daily,Weliweriya,Gampaha,Active,Supermarkets
Arpico Super Centre,Homagama SC,Homagama,Active,Supermarkets
Arpico Super Centre,Kadawatha SC,Kadawatha,Active,Supermarkets
Arpico Daily,Kaduwela,Kaduwela,Active,Supermarkets
Arpico Super Centre,Kalutara SS,Kalutara,Active,Supermarkets
Arpico Daily,Kandana,Kandana,Active,Supermarkets
Arpico Super Centre,Kandy,Kandy,Active,Supermarkets
Arpico Super Centre,Katukurunda SC,Katukurunda,Active,Supermarkets
Arpico Super Centre,Seeduwa SC,Katunayake,Active,Supermarkets
Arpico Super Centre,Kegalle SC,Kegalle,Active,Supermarkets
Arpico Super Centre,Kiribathgoda SS,Kiribathgoda,Active,Supermarkets
Arpico Super Centre,Kochchikade SC,Kochchikade,Active,Supermarkets
Arpico Super Centre,Kohuwala SC,Kohuwala,Active,Supermarkets
Arpico Super Centre,Kottawa SS,Kottawa,Active,Supermarkets
Arpico Daily,Matthegoda,Kottawa,Active,Supermarkets
Arpico Daily,Kuliyapitiya,Kuliyapitiya,Active,Supermarkets
Arpico Super Centre,Kurunegala SC,Kurunegala,Active,Supermarkets
Arpico Super Centre,Malabe SS,Malabe,Active,Supermarkets
Arpico Super Centre,Matara SC,Matara,Active,Supermarkets
Arpico Daily,Meegoda,Meegoda,Active,Supermarkets
Arpico Super Centre,Minuwangoda SC,Minuwangoda,Active,Supermarkets
Arpico Daily,Mulleriyawa,Mulleriyawa,Active,Supermarkets
Arpico Super Centre,Nawinna SC,Nawinna,Active,Supermarkets
Arpico Super Centre,Negombo SC,Negombo,Active,Supermarkets
Arpico Daily,Wateraka,Padukka,Active,Supermarkets
Arpico Super Centre,Panadura SC,Panadura,Active,Supermarkets
Arpico Daily,Pelmadulla,Pelmadulla,Active,Supermarkets
Arpico Super Centre,Piliyandala SS,Piliyandala,Active,Supermarkets
Arpico Daily,Palanwatta,Piliyandala,Active,Supermarkets
Arpico Daily,Ragama,Ragama,Active,Supermarkets
Arpico Daily,Rathnapura,Rathnapura,Active,Supermarkets
Arpico Super Centre,Thalawathugoda SC,Thalawathugoda,Active,Supermarkets
Arpico Super Centre,Wattala SC,Wattala,Active,Supermarkets
Arpico Daily,Wattala 2 AD,Wattala,Active,Supermarkets
Arpico Super Centre,Wellawatte SS,Wellawatte,Active,Supermarkets
Arpico Super Centre,Yakkala SS,Yakkala,Active,Supermarkets
Arpico Super Centre,Kundasala,Kandy,Active,Supermarkets
Arpico Super Centre,Katugastota,Kandy,Active,Supermarkets
Arpico Daily,Gelioya,Kandy,Active,Supermarkets
Arpico Daily,Haloluwa,Kandy,Active,Supermarkets
Arpico Daily,Hettipola,Kandy,Active,Supermarkets
Arpico Daily,Kiribathkumbura,Kandy,Active,Supermarkets
Eye Emporium ,Colombo 5,Colombo 05,Active,Opticians
Eye Emporium ,Dharmapala Mawatha,Colombo 07,Active,Opticians
NOLIMIT,CCC,Colombo 02,Active,Fashion
NOLIMIT,Wellawatte,Colombo 06,Active,Fashion
NOLIMIT,Wellawatte Image,Colombo 06,Active,Fashion
NOLIMIT,Borella,Colombo 08,Active,Fashion
NOLIMIT,Dehiwala Ladies,Dehiwala,Active,Fashion
NOLIMIT,Dehiwala Gents,Dehiwala,Active,Fashion
NOLIMIT,Jaffna,Jaffna,Active,Fashion
NOLIMIT,Kandy,Kandy,Active,Fashion
NOLIMIT,Kegalle,Kegalle,Active,Fashion
NOLIMIT,Kurunegala,Kurunegala,Active,Fashion
NOLIMIT,Maharagama,Maharagama,Active,Fashion
NOLIMIT,Ratmalana,Mount Lavinia,Active,Fashion
NOLIMIT,Negombo Nolimit,Negambo,Active,Fashion
NOLIMIT,Nugegoda,Nugegoda,Active,Fashion
NOLIMIT,Panadura,Panadura,Active,Fashion
NOLIMIT,Ratnapura,Rathnapura,Active,Fashion
NOLIMIT,Wattala,Wattala,Active,Fashion
NOLIMIT,Thihariya,Nittambuwa,Active,Fashion
NOLIMIT,NOLIMIT Hydepark,Colombo 02,Active,Fashion
NOLIMIT,NOLIMIT Kids - OGF,Colombo 02,Active,Fashion
NOLIMIT,NOLIMIT Select - Wellawatta,Colombo 06,Active,Fashion
NOLIMIT,NOLIMIT KCC,Kandy,Active,Fashion
NOLIMIT,NOLIMIT Mount Lavinia,Mount Lavinia,Active,Fashion
NOLIMIT,NOLIMIT Negombo,Negambo,Active,Fashion
NOLIMIT,NOLIMIT Nugegoda,Nugegoda,Active,Fashion
Barista,Athurugiriya,Athurugiriya,Active,Food
Barista,Bandarawela,Bandarawela,Active,Food
Barista,Battaramulla,Battaramulla,Active,Food
Barista,Boralesgamuwa,Boralesgamuwa,Active,Food
Barista,Wennapuwa,Chilaw,Active,Food
Barista,Kohuwela,Nugegoda,Active,Food
Barista,World Trade Center,Colombo 01,Active,Food
Barista,Lady J Borella,Colombo 01,Active,Food
Barista,Perahera Mawatha (NM),Colombo 02,Active,Food
Barista,Nawam Mawatha,Colombo 02,Active,Food
Barista,Port City,Colombo 02,Active,Food
Barista,Staple Street,Colombo 02 ,Active,Food
Barista,Kollupitiya,Colombo 03,Active,Food
Barista,Bambalapitiya,Colombo 04,Active,Food
Barista,Double XL,Colombo 04,Active,Food
Barista,WSO2,Colombo 04,Active,Food
Barista,Thimbirigasyaya,Colombo 05,Active,Food
Barista,Narahenpita,Colombo 05,Active,Food
Barista,Cool Planet Mall,Colombo 05,Active,Food
Barista,Cafe‚ Mocha by Barista,Colombo 06,Active,Food
Barista,Wellawatta,Colombo 06,Active,Food
Barista,Laksala,Colombo 07,Active,Food
Barista,Horton Place,Colombo 07,Active,Food
Barista,Trillium ,Colombo 07,Active,Food
Barista,Orion City Dematagoda,Colombo 08,Active,Food
Barista,Independence Square,Coombo 7,Active,Food
Barista,Dehiwela,Dehiwala,Active,Food
Barista,Galle Fort,Galle,Active,Food
Barista,Galle Diner,Galle,Active,Food
Barista,Unawatuna,Galle,Active,Food
Barista,Ahangama,Galle,Active,Food
Barista,Yakkala,Gampaha,Active,Food
Barista,NSBM,Homagama,Active,Food
Barista,Horana,Horana,Active,Food
Barista,Ja-Ela,Ja Ela,Active,Food
Barista,Jaffna,Jaffna,Active,Food
Barista,Jaffna Diner,Jaffna,Active,Food
Barista,jaffna,Jaffna,Active,Food
Barista,Kadawatha,Kadawatha,Active,Food
Barista,Kandy,Kandy,Active,Food
Barista,Kandy Diner,Kandy,Active,Food
Barista,Pasyala,Kandy,Active,Food
Barista,Kandy City,Kandy,Active,Food
Barista,Seeduwa,Katunayake,Active,Food
Barista,Kiribathgoda,Kiribathgoda,Active,Food
Barista,Kurunegala,Kurunegala,Active,Food
Barista,"Dambulla Road, Kurunegala",Kurunegala,Active,Food
Barista,Maharagama,Maharagama,Active,Food
Barista,Malabe,Malabe,Active,Food
Barista,Matara,Matara,Active,Food
Barista,Mirissa,Mirissa,Active,Food
Barista,Katubedda,Moratuwa,Active,Food
Barista,Moratuwa,Moratuwa,Active,Food
Barista,Mount Lavinia,Mount Lavinia,Active,Food
Barista,Mulleriyawa,Mulleriyawa,Active,Food
Barista,Nawala,Nawala,Active,Food
Barista,Kochchikade,Negambo,Active,Food
Barista,Negombo-Arpico-Express,Negambo ,Active,Food
Barista,Negombo Diner,Negambo ,Active,Food
Barista,Nugegoda,Nugegoda,Active,Food
Barista,Nugegoda Diner,Nugegoda,Active,Food
Barista,Pepiliyana,Dehiwala,Active,Food
Barista,Mirihana,Nugegoda,Active,Food
Barista,Delkanda,Nugegoda,Active,Food
Barista,Ella,Nuwaraeliya,Active,Food
Barista,Nuwara Eliya,Nuwaraeliya,Active,Food
Barista,Shanthipura,Nuwaraeliya,Active,Food
Barista,Panadura,Panadura,Active,Food
Barista,Kottawa,Pannipitiya,Active,Food
Barista,Piliyandala,Piliyandala,Active,Food
Barista,Rajagiriya,Rajagiriya,Active,Food
Barista,Kotte,Rajagiriya,Active,Food
Barista,Sigiriya,Sigiriya,Active,Food
Barista,Thalawathugoda,Thalawathugoda,Active,Food
Barista,Udawalawe,Udawalawa,Active,Food
Barista,Wattala,Wattala,Active,Food
Barista,Wattala Diner,Wattala,Active,Food
Barista,Wattala Kelly Felder,Wattala,Active,Food
Barista,Southern Expressway A,Welipenna,Active,Food
Barista,Southern Expressway B,Welipenna,Active,Food
Barista,Dematagoda,Colombo 09,Active,Food
Barista,Sujatha Express,,Active,Food
Taco Bell,Colombo City Centre,Colombo 02,Active,Food
Taco Bell,One Galle Face,Colombo 02,Active,Food
Taco Bell,Havelock City Mall,Colombo 05,Active,Food
Taco Bell,Horton place,Colombo 07,Active,Food
Taco Bell,Kiribathgoda,Kiribathgoda,Active,Food
Taco Bell,Kurunegala,Kurunegala,Active,Food
Taco Bell,Mount lavinia,Mount lavinia,Active,Food
Taco Bell,Negombo,Negambo,Active,Food
Taco Bell,Nugegoda,Nugegoda,Active,Food
Taco Bell,Kottawa,Pannipitiya,Active,Food
Taco Bell,Piliyandala,Piliyandala,Active,Food
Taco Bell,Rajagiriya,Rajagiriya,Active,Food
Samayawardhane Bookshop,Colombo- 01,Colombo 01,Active,Books & Stationery
The Convenience Store,Dehiwala,Dehiwala,Active,Supermarkets
Maqara,Maqara,Colombo 01,Active,Food
Xclusive Accessories,Colombo,Colombo 04,Active,Mobiles & Electronics
Midnight Divas,Colombo,Colombo 05,Active,Fashion
Midnight Divas,Stratford Avenue,Colombo 06,Active,Fashion
Midnight Divas,Kandy,Kandy,Active,Fashion
Midnight Divas,Negombo,Negambo,Active,Fashion
Midnight Divas,Nawala,Nugegoda,Active,Fashion
Nailspa,Cinnamon Lakeside Hotel,Colombo 02,Active,Personal Care
Nailspa,One Galle Face,Colombo 02,Active,Personal Care
Nailspa,Colombo City Center,Colombo 02,Active,Personal Care
Nailspa,Havelock City,Colombo 05,Active,Personal Care
Nailspa,Odel Colombo 07,Colombo 07,Active,Personal Care
Che Studio,Kirulapone,Nugegoda,Active,Studio
Basilur (CCC),Colombo City Centre,Colombo 02,Active,Food
Diliganz,Marino Mall,Colombo 03,Active,Fashion
Diliganz,"Toy Land, Marino Mall",Colombo 03,Active,Fashion
Diliganz,Dehiwela,Dehiwala,Active,Fashion
Diliganz,Gampaha,Gampaha,Active,Fashion
Swastha,Maitland Crescent,Colombo 07,Active,Personal Care
Apero,Colombo 03,Colombo 03,Active,Supermarkets
German Restaurant,Colombo 03,Colombo 03,Active,Food
Burning Bird,Colombo 07,Colombo 07,Active,Food
Vijitha Yapa Bookshop (Pvt) Ltd,"5th Lane, Colombo 03",Colombo 03,Active,Books & Stationery
Vijitha Yapa Bookshop (Pvt) Ltd,"Flower Road, Colombo 07",Colombo 07,Active,Books & Stationery
Vijitha Yapa Bookshop (Pvt) Ltd,Galle,Galle,Active,Books & Stationery
Vijitha Yapa Bookshop (Pvt) Ltd,Matara,Matara,Active,Books & Stationery
Vijitha Yapa Bookshop (Pvt) Ltd,Nugegoda,Nugegoda,Active,Books & Stationery
Absolute Basics,ONE GALLE FACE,Colombo 02,Active,Fashion
Absolute Basics,Colpetty,Colombo 03,Active,Fashion
DSI,DSI 2 AKURESSA,Akuressa,Active,Fashion
DSI,DSI 3 AKURESSA,Akuressa,Active,Fashion
DSI,DSI 2 ALAWWA,Alawwa,Active,Fashion
DSI,DSI 2 ALUTHGAMA,Aluthgama,Active,Fashion
DSI,DSI 2 AMBALANGODA,Ambalagoda,Active,Fashion
DSI,DSI 1 AMBALANGODA,Ambalangoda,Active,Fashion
DSI,DSI 1 AMBALANTOTA,Ambalantota,Active,Fashion
DSI,DSI 1 AMPARA,Ampara,Active,Fashion
DSI,DSI 3 ANURADHAPURA,Anuradhapra,Active,Fashion
DSI,DSI 4 ANURADHAPURA,Anuradhapra,Active,Fashion
DSI,DSI FACTORY OUTLET ANURADHAPURA,Anuradhapra,Active,Fashion
DSI,DSI 2 ATHURUGIRIYA,Athurugiriya,Active,Fashion
DSI,DSI 2 AVISSAWELLA,Avisswella,Active,Fashion
DSI,DSI 2 AWARIWATTA,Awariwatta,Active,Fashion
DSI,DSI 1 BADDEGAMA,Baddegama,Active,Fashion
DSI,DSI 2 BADDEGAMA,Baddegama,Active,Fashion
DSI,DSI 1 BADULLA,Badulla,Active,Fashion
DSI,DSI 2 BADULLA,Badulla,Active,Fashion
DSI,DSI 1 PASSARA,Badulla,Active,Fashion
DSI,DSI 1 BALANGODA,Balagoda,Active,Fashion
DSI,DSI 4 BAMBALAPITIYA,Bambalapitiya,Active,Fashion
DSI,DSI 2 BANDARAWELA,Bandarawela,Active,Fashion
DSI,DSI 3 BANDARAWELA,Bandarawela,Active,Fashion
DSI,DSI 2 BATTARAMULLA,Battaramulla,Active,Fashion
DSI,DSI 1 BATTARAMULLA,Battaramulla,Active,Fashion
DSI,DSI 1 BATTICALOA,Batticaloa,Active,Fashion
DSI,DSI 2 BATTICALOA,Batticaloa,Active,Fashion
DSI,DSI 1 BELIATTA,Beliatta,Active,Fashion
DSI,DSI 1 BERUWALA,Beruwala,Active,Fashion
DSI,DSI 1 BIBILA,Bibila,Active,Fashion
DSI,DSI 2 CHILAW,Chilaw,Active,Fashion
DSI,DSI 3 WENNAPPUWA,Chilaw,Active,Fashion
DSI,DSI 1 CHILAW,Chilaw,Active,Fashion
DSI,DSI 5 KOLPITTY,Colombo 03,Active,Fashion
DSI,DSI 1 WELLAWATTA,Colombo 06,Active,Fashion
DSI,DSI 2 WELLAWATTA,Colombo 06,Active,Fashion
DSI,DSI 2 BORELLA,Colombo 08,Active,Fashion
DSI,DSI 3 BORELLA,Colombo 08,Active,Fashion
DSI,DSI 1 DEMATAGODA,Colombo 09,Active,Fashion
DSI,DSI 126 MAIN STREET,Colombo 11,Active,Fashion
DSI,DSI 110 MAIN STREET,Colombo 11,Active,Fashion
DSI,DSI 1 OLCOTT MW,Colombo 11,Active,Fashion
DSI,DSI 4 MAIN STREET,Colombo 11,Active,Fashion
DSI,DSI 3 DAMBULLA,Dambulla,Active,Fashion
DSI,DSI 3 DEHIWALA,Dehiwala,Active,Fashion
DSI,DSI 2 DENIYAYA,Deniyaya,Active,Fashion
DSI,DSI 2 DERANIYAGALA,Deraniyagala,Active,Fashion
DSI,DSI 1 DIVULAPITIYA,Divulapitiya,Active,Fashion
DSI,DSI 3 EHELIYAGODA,Eheliyagoda,Active,Fashion
DSI,DSI 2 ELPITIYA,Elpitiya,Active,Fashion
DSI,DSI 1 EMBILIPITIYA,Embilipitiya,Active,Fashion
DSI,DSI 3 EMBILIPITIYA,Embilipitiya,Active,Fashion
DSI,DSI 1 GALEWELA,Galewela,Active,Fashion
DSI,DSI 1 GALLE,Galle,Active,Fashion
DSI,DSI 4 GALLE,Galle,Active,Fashion
DSI,DSI 5 GALLE,Galle,Active,Fashion
DSI,DSI 7 GALLE,Galle,Active,Fashion
DSI,DSI 6 GALLE,Galle,Active,Fashion
DSI,FACTORY OUTLET - GALLE,Galle,Active,Fashion
DSI,DSI 1 GAMPAHA,Gampaha,Active,Fashion
DSI,DSI 2 GAMPAHA,Gampaha,Active,Fashion
DSI,DSI 3 GAMPAHA,Gampaha,Active,Fashion
DSI,DSI 4 GAMPAHA,Gampaha,Active,Fashion
DSI,DSI 2 GAMPOLA,Gampola,Active,Fashion
DSI,DSI 3 GAMPOLA,Gampola,Active,Fashion
DSI,DSI 1 GODAKAWELA,Godakawela,Active,Fashion
DSI,DSI 1 HANWELLA,Hanwella,Active,Fashion
DSI,DSI 2 HATTON,Hatton,Active,Fashion
DSI,DSI 4 HATTON,Hatton,Active,Fashion
DSI,DSI 1 HIKKADUWA,Hikkaduwa,Active,Fashion
DSI,DSI 2 HINGURAKGODA,Hingurangoda,Active,Fashion
DSI,DSI 1 HOMAGAMA,Homagama,Active,Fashion
DSI,DSI 3 HOMAGAMA,Homagama,Active,Fashion
DSI,DSI 2 HORANA,Horana,Active,Fashion
DSI,DSI 3 HORANA,Horana,Active,Fashion
DSI,DSI 3 JAELA,Ja Ela,Active,Fashion
DSI,DSI 3 JAFFNA,Jaffna,Active,Fashion
DSI,DSI 1 KIRINDIWELA,Kadawatha,Active,Fashion
DSI,DSI 2 KADAWATHA,Kadawatha,Active,Fashion
DSI,DSI 4 KADAWATHA,Kadawatha,Active,Fashion
DSI,DSI 3 KADUWELA,Kaduwela,Active,Fashion
DSI,DSI 2 KAHAWATTA,Kahawatta,Active,Fashion
DSI,DSI 1 KALUTARA,Kalutara,Active,Fashion
DSI,DSI 2 KALUTARA,Kalutara,Active,Fashion
DSI,DSI 1 KANDANA,Kandana,Active,Fashion
DSI,DSI FACTORY OUTLET KANDANA,Kandana,Active,Fashion
DSI,DSI 3 KANDY,Kandy,Active,Fashion
DSI,DSI 7 KANDY,Kandy,Active,Fashion
DSI,DSI PREMIER KCC,Kandy,Active,Fashion
DSI,DSI 9 KANDY,Kandy,Active,Fashion
DSI,DSI PREMIER K,Kandy,Active,Fashion
DSI,DSI 10 KANDY,Kandy,Active,Fashion
DSI,DSI 11 KANDY,Kandy,Active,Fashion
DSI,DSI 2 KANDY,Kandy,Active,Fashion
DSI,DSI 1 KANTALE,Kantale,Active,Fashion
DSI,DSI 2 KEGALLE,Kegalle,Active,Fashion
DSI,DSI 3 KEGALLE,Kegalle,Active,Fashion
DSI,DSI 1 KEKIRAWA,Kekirawa,Active,Fashion
DSI,DSI 1 KILINOCHCHI,Kilinochch,Active,Fashion
DSI,DSI 4 KIRIBATHGODA,Kiribathgoda,Active,Fashion
DSI,DSI 6 KIRIBATHGODA,Kiribathgoda,Active,Fashion
DSI,DSI 7 KIRIBATHGODA,Kiribathgoda,Active,Fashion
DSI,DSI 1 KOCHCHIKADE,Kochhcikade,Active,Fashion
DSI,DSI 2 KOTTAWA,Kottawa,Active,Fashion
DSI,DSI 3 KOTTAWA,Kottawa,Active,Fashion
DSI,DSI 1 KULIYAPITIYA,Kuliyapitiya,Active,Fashion
DSI,DSI 2 KULIYAPITIYA,Kuliyapitiya,Active,Fashion
DSI,DSI 1 KURUNEGALA,Kurunegala,Active,Fashion
DSI,DSI 2 KURUNEGALA,Kurunegala,Active,Fashion
DSI,DSI 4 KURUNEGALA,Kurunegala,Active,Fashion
DSI,DSI 5 KURUNEGALA,Kurunegala,Active,Fashion
DSI,DSI 1 MAHARAGAMA,Maharagama,Active,Fashion
DSI,DSI 4 MAHARAGAMA,Maharagama,Active,Fashion
DSI,DSI 1 MAHIYANGANAYA,Mahiyanganaya,Active,Fashion
DSI,DSI 3 MALABE,Malabe,Active,Fashion
DSI,DSI 2 MARADANA,Maradana,Active,Fashion
DSI,DSI 1 MATALE,Matale,Active,Fashion
DSI,DSI 3 MATALE,Matale,Active,Fashion
DSI,DSI 1 MATARA,Matara,Active,Fashion
DSI,DSI 1 TOWNHALL,Matara,Active,Fashion
DSI,DSI 1 MATHUGAMA,Mathugama,Active,Fashion
DSI,DSI 2 MAWANELLA,Mawanella,Active,Fashion
DSI,DSI 1 MAWATHAGAMA,Mawathagama,Active,Fashion
DSI,DSI 1 MEDAWACHCHIYA,Medawachchiya,Active,Fashion
DSI,DSI 1 MEERIGAMA,Meerigama,Active,Fashion
DSI,DSI 1 MINUWANGODA,Minuwangoda,Active,Fashion
DSI,DSI 3 MONARAGALA,Monaragala,Active,Fashion
DSI,DSI 1 MORATUWA,Moratuwa,Active,Fashion
DSI,DSI 2 MORATUWA,Moratuwa,Active,Fashion
DSI,DSI 2 MOUNT LAVINIA,Mount Lavinia,Active,Fashion
DSI,DSI 1 MULLAITIVU,Mullaitivu,Active,Fashion
DSI,DSI 1 NARAHENPITA,Narahenpita,Active,Fashion
DSI,OUTLET STORE NAVINNA,Navinna,Active,Fashion
DSI,DSI FACTORY OUTLET NAVINNA,Navinna,Active,Fashion
DSI,DSI 2 NAWALAPITIYA,Nawalapitiya,Active,Fashion
DSI,DSI 2 NEGOMBO,Negambo,Active,Fashion
DSI,DSI 4 NEGOMBO,Negambo,Active,Fashion
DSI,DSI 5 NEGOMBO,Negambo,Active,Fashion
DSI,DSI 2 NIKAWERATIYA,Nikaweratiya,Active,Fashion
DSI,DSI 2 NITTAMBUWA,Nittambuwa,Active,Fashion
DSI,DSI 1 NUGEGODA,Nugegoda,Active,Fashion
DSI,DSI 7 NUGEGODA,Nugegoda,Active,Fashion
DSI,DSI 1 NUWARAELIYA,Nuwara Eliya,Active,Fashion
DSI,DSI 3 NUWARAELIYA,Nuwara Eliya,Active,Fashion
DSI,DSI 1 PADUKKA,Padukka,Active,Fashion
DSI,DSI 2 PANADURA,Panadura,Active,Fashion
DSI,DSI 1 PANADURA,Panadura,Active,Fashion
DSI,DSI 3 PANADURA - AVI SIS,Panadura,Active,Fashion
DSI,DSI 2 PELAWATTA,Pelawatta,Active,Fashion
DSI,DSI 2 PELMADULLA,Pelmadulla,Active,Fashion
DSI,DSI 1 PERADENIYA,Peradeniya,Active,Fashion
DSI,DSI 1 PILIMATHALAWA,Pilimathalawa,Active,Fashion
DSI,DSI 3 PILIYANDALA,Piliyandala,Active,Fashion
DSI,DSI 5 PILIYANDALA,Piliyandala,Active,Fashion
DSI,DSI 3 POLONNARUWA,Polonnaruwa,Active,Fashion
DSI,DSI 4 POLONNARUWA,Polonnaruwa,Active,Fashion
DSI,DSI 1 PUSSELLAWA,Pussellawa,Active,Fashion
DSI,DSI PUTHUKKUDIYIRUPU,Puthukkudiyirupu,Active,Fashion
DSI,DSI 1 PUTTALAM,Puttalam,Active,Fashion
DSI,DSI 1 RAGAMA,Ragama,Active,Fashion
DSI,DSI 2 RATHNAPURA,Rahnapura,Active,Fashion
DSI,DSI 3 RAMBUKKANA,Rambukkana,Active,Fashion
DSI,DSI 4 RATHMALANA,Rathmalana,Active,Fashion
DSI,DSI 3 RATHNAPURA,Rathnapura,Active,Fashion
DSI,DSI 4 RATHNAPURA - AVI SIS,Rathnapura,Active,Fashion
DSI,DSI 1 RUWANWELLA,Ruwanwella,Active,Fashion
DSI,DSI 1 TANGALLE,Tangalle,Active,Fashion
DSI,DSI 2 TANGALLE,Tangalle,Active,Fashion
DSI,DSI 2 THALAWAKELE,Thalawakele,Active,Fashion
DSI,DSI 2 TISSAMAHARAMA,Tissamaharama,Active,Fashion
DSI,DSI 1 VAVUNIYA,Vavuniya,Active,Fashion
DSI,DSI 2 VAVUNIYA,Vavuniya,Active,Fashion
DSI,DSI 2 WALASMULLA,Walasmulla,Active,Fashion
DSI,DSI 2 WARAKAPOLA,Warakapola,Active,Fashion
DSI,DSI 2 WATTALA,Wattala,Active,Fashion
DSI,DSI 3 WATTALA,Wattala,Active,Fashion
DSI,DSI 1 WELIMADA,Welimada,Active,Fashion
DSI,DSI 1 WELIWERIYA,Weliweriya,Active,Fashion
DSI,DSI 1 WELLAWAYA,Wellawaya,Active,Fashion
DSI,DSI 1 WARAKAPOLA,Wrakapola,Active,Fashion
DSI,DSI 1 YATIYANTHOTA,Yatiyanthota,Active,Fashion
M.D Gunasena,Avissawella,Awisswella,Active,Books & Stationery
M.D Gunasena,Olcott Mawatha,Colombo 01,Active,Books & Stationery
M.D Gunasena,Bambalapitiya,Colombo 04,Active,Books & Stationery
M.D Gunasena,Visakha,Colombo 04,Active,Books & Stationery
M.D Gunasena,Ladies College,Colombo 07,Active,Books & Stationery
M.D Gunasena,Borella,Colombo 08,Active,Books & Stationery
M.D Gunasena,Hulftsdorp,Colombo 11,Active,Books & Stationery
M.D Gunasena,Pettah,Colombo 11,Active,Books & Stationery
M.D Gunasena,Galle,Galle,Active,Books & Stationery
M.D Gunasena,Gampaha,Gampaha,Active,Books & Stationery
M.D Gunasena,Kalutara,Kalutara,Active,Books & Stationery
M.D Gunasena,Kandy,Kandy,Active,Books & Stationery
M.D Gunasena,Kiribathgoda,Kiribathgoda,Active,Books & Stationery
M.D Gunasena,Kurunegala,Kurunegala,Active,Books & Stationery
M.D Gunasena,Matara,Matara,Active,Books & Stationery
M.D Gunasena,Negombo,Negambo,Active,Books & Stationery
M.D Gunasena,Panadura,Panadura,Active,Books & Stationery
Ridmika Mobile,Nugegoda,Nugegoda,Active,Mobiles & Electronics
Ridmika Accessories,Nugegoda,Nugegoda,Active,Mobiles & Electronics
BLG Technologies,Colombo 4,Colombo 04,Active,Electronics
Ancient Nutra,Havelock City,Colombo 05,Active,Personal Care
Ancient Nutra,Wattala,Wattala,Active,Personal Care
Eliseo Aesthetics ,Colombo 05,Colombo 05,Active,Personal Care
US POLO,Colombo City Center,Colombo 02,Active,Fashion
US POLO,One Galle Face,Colombo 02,Active,Fashion
US POLO,Havelock City Mall,Colombo 05,Active,Fashion
US POLO,MBC Maitland Crescent,Colombo 07,Active,Fashion
US POLO,Kandy City Center,Kandy,Active,Fashion
Puma,One Galle Face,Colombo 02,Active,Fashion
Puma,MBC Maitland Crescent ,Colombo 07,Active,Fashion
Reebok,One Galle Face,Colombo 02,Active,Fashion
Reebok,MBC Maitland Crescent ,Colombo 07,Active,Fashion
Asics,One Galle Face,Colombo 02,Active,Fashion
Asics,MBC Maitland Crescent ,Colombo 07,Active,Fashion
AVI,Colombo City Center ,Colombo 02,Active,Fashion
AVI,MBC Maitland Crescent ,Colombo 07,Active,Fashion
SPAR Sri Lanka,Union Place,Colombo 02,Active,Supermarkets
SPAR Sri Lanka,Kalubowila,Dehiwala,Active,Supermarkets
SPAR Sri Lanka,Pepiliyana,Dehiwala,Active,Supermarkets
SPAR Sri Lanka,Galle,Galle,Active,Supermarkets
SPAR Sri Lanka,Gampaha,Gampaha,Active,Supermarkets
SPAR Sri Lanka,Seeduwa,Katunayake,Active,Supermarkets
SPAR Sri Lanka,Kelaniya,Kelaniya,Active,Supermarkets
SPAR Sri Lanka,Malabe,Malabe,Active,Supermarkets
SPAR Sri Lanka,Negombo,Negombo,Active,Supermarkets
SPAR Sri Lanka,Thalawathugoda,Thalawathugoda,Active,Supermarkets
SPAR Sri Lanka,Wattala,Wattala,Active,Supermarkets
SimplyTek,Colombo 03,Colombo 03,Active,Mobiles & Electronics
SimplyTek,Colombo 05,Colombo 05,Active,Mobiles & Electronics
Beauty & Body Care ,Colombo 05,Colombo 05,Active,Personal Care
Kemi,Colombo 05,Colombo 05,Active,Baby
Phoenix ,Battaramulla,Battaramulla,Active,Homeware
Phoenix ,Panadura,Panadura,Active,Homeware
Phoenix ,Welisara,Wattala,Active,Homeware
Arienti,Colombo 03,Colombo 03,Active,Fashion
Arienti,Negombo,Negombo,Active,Fashion
Kids Unlimited,Dehiwela,Dehiwela,Active,Baby
Hameedia Stores,Shangrila,Colombo 02,Active,Fashion
Hameedia Stores,Envoy Mansion,Colombo 03,Active,Fashion
Hameedia Stores,Havelock City,Colombo 05,Active,Fashion
Hameedia Stores,Wellawatta,Colombo 06,Active,Fashion
Hameedia Stores,Pettah,Colombo 11,Active,Fashion
Hameedia Stores,Kandy City Center,Kandy,Active,Fashion
Hameedia Stores,Kandy,Kandy,Active,Fashion
Hameedia Stores,Kiribathgoda,Kiribathgoda,Active,Fashion
Hameedia Stores,Kurunegala,Kurunegala,Active,Fashion
Hameedia Stores,Negombo,Negombo,Active,Fashion
Hameedia Stores,Nugegoda,Nugegoda,Active,Fashion
Hameedia Stores,Pelawatta,Pelawatta,Active,Fashion
Hameedia Stores,Rajagiriya,Rajagiriya,Active,Fashion
Hameedia Stores,Wattala,Wattala,Active,Fashion
Hameedia Stores,Physical,,Active,Fashion
Envoy Mansion ,Bagatale Road,Colombo 03,Active,Fashion
H-Sports,Racecourse ,Colombo 07,Active,Fashion
H-Sports,Kandy City Center,Kandy,Active,Fashion
H-Sports,Pelawatta,Pelawatta,Active,Fashion
Tash Gem & Jewellery,colpetty,Colombo 03,Active,Gems & Jewellery
Tash Gem & Jewellery,Malabe,Malabe,Active,Gems & Jewellery
Colombo Jewellery Stores,One Galle Face,Colombo 02,Active,Gems & Jewellery
Colombo Jewellery Stores,Colombo 03,Colombo 03,Active,Gems & Jewellery
TAG Heuer Boutique,One Galle Face,Colombo 02,Active,Watches
Elegant Smockers,One Galle Face,Colombo 02,Active,Baby
Elegant Smockers,Colombo 04,Colombo 04,Active,Baby
Elegant Smockers,Odel Mall,Colombo 07,Active,Baby
Elegant Smockers,Kandy City Centre ,Kandy,Active,Baby
Elegant Smockers,Odel Mall Kandy,Kandy,Active,Baby
Miris by Islandmom,Mount Lavinia,Mount Lavinia,Active,Fashion
Nisaco Mall,Athurugiriya,Athurugiriya,Active,Mall
Kashi Wellness ,Isipathana Mawatha,Colombo 05,Active,Personal Care
Ramzi & Co. Jewelry,One Galle Face,Colombo 02,Active,Gems & Jewellery
Pepper Street,One Galle Face,Colombo 02,Active,Fashion
Pepper Online,Colombo City Centre,Colombo 02,Active,Fashion
Pepper Online,Kandy City Centre,Kandy,Active,Fashion
Nesh Kids Store,Colombo 04,Colombo 04,Active,Baby
Aroma Perfume,Dehiwela,Dehiwala,Active,Personal Care
Beauty Quest International,Galle Face Hotel,Colombo 02,Active,Personal Care
Fashion Bug,Bandarawela,Bandarawela,Active,Fashion
Fashion Bug,Colpetty,Colombo 03,Active,Fashion
Fashion Bug,Wellawatta,Colombo 06,Active,Fashion
Fashion Bug,Borella,Colombo 08,Active,Fashion
Fashion Bug,Kotahena,Colombo 13,Active,Fashion
Fashion Bug,Kandy - Dalada Veediya,Kandy,Active,Fashion
Fashion Bug,Katugastota Rd,Kandy,Active,Fashion
Fashion Bug,Kurunegala,Kurunegala,Active,Fashion
Fashion Bug,Maharagama,Maharagama,Active,Fashion
Fashion Bug,Matara,Matara,Active,Fashion
Fashion Bug,Katubedda,Moratuwa,Active,Fashion
Fashion Bug,Negombo,Negambo,Active,Fashion
Fashion Bug,Nugegoda,Nugegoda,Active,Fashion
Fashion Bug,Wattala,Wattala,Active,Fashion
Nails with Tea,Borella,Colombo 08,Active,Personal Care
Jollys at Nisaco Mall,Nisaco Mall,Athurugiriya,Active,Food
Signature,Anuradhapura,Anuradhapura,Active,Fashion
Signature,Kalmunei,Batticaloa,Active,Fashion
Signature,Chilaw,Chilaw,Active,Fashion
Signature,Marino Mall,Colombo 03,Active,Fashion
Signature,Duplication Rd,Colombo 03,Active,Fashion
Signature,Havelock City,Colombo 05,Active,Fashion
Signature,Jaffna,Jaffna,Active,Fashion
Signature,Matale,Matale,Active,Fashion
Signature,Matara,Matara,Active,Fashion
Signature,Panadura,Panadura,Active,Fashion
Domino's Pizza, Aluthgama,Aluthgama,Active,Food
Domino's Pizza, Ambalangoda,Ambalangoda,Active,Food
Domino's Pizza,Gothatuwa,Angoda,Active,Food
Domino's Pizza,Anuradhapura,Anuradhapura,Active,Food
Domino's Pizza, Athurugiriya,Athurugiriya,Active,Food
Domino's Pizza,Boralesgamuwa,Boralesgamuwa,Active,Food
Domino's Pizza,Wennappuwa ,Chilaw,Active,Food
Domino's Pizza,Union Place,Colombo 02,Active,Food
Domino's Pizza,Wellawatta,Colombo 06,Active,Food
Domino's Pizza,Colombo 07,Colombo 07,Active,Food
Domino's Pizza,Kotahena,Colombo 13,Active,Food
Domino's Pizza, Dehiwela,Dehiwela,Active,Food
Domino's Pizza,Galle,Galle,Active,Food
Domino's Pizza,Gampaha,Gampaha,Active,Food
Domino's Pizza,Homagama,Homagama,Active,Food
Domino's Pizza,Jaffna,Jaffna,Active,Food
Domino's Pizza,Kadawatha,Kadawatha,Active,Food
Domino's Pizza,Kaduwela,Kaduwela,Active,Food
Domino's Pizza, Kaluthara,Kaluthara,Active,Food
Domino's Pizza, Kandy,Kandy,Active,Food
Domino's Pizza, Kandy,Kandy,Active,Food
Domino's Pizza, Katugastota,Katugastota,Active,Food
Domino's Pizza,Kiribathgoda,Kiribathgoda,Active,Food
Domino's Pizza,Kolonnawa,Kolonnawa,Active,Food
Domino's Pizza,Kottawa,Kottawa,Active,Food
Domino's Pizza, Kottawa ,Kottawa ,Active,Food
Domino's Pizza, Kuliyapitiya,Kuliyapitiya,Active,Food
Domino's Pizza, Kurunegala,Kurunegala,Active,Food
Domino's Pizza,Maharagama,Maharagama,Active,Food
Domino's Pizza, Malabe,Malabe,Active,Food
Domino's Pizza,Matara,Matara,Active,Food
Domino's Pizza,Matara,Matara,Active,Food
Domino's Pizza,Mattakkuliya,Mattakkuliya,Active,Food
Domino's Pizza,Minuwangoda,Minuwangoda,Active,Food
Domino's Pizza,Moratuwa,Moratuwa,Active,Food
Domino's Pizza,Negombo,Negombo,Active,Food
Domino's Pizza, Nugegoda,Nugegoda,Active,Food
Domino's Pizza, Sri Jayawardenepura Kotte, Sri Jayawardenepura ,Active,Food
Domino's Pizza, Nuwara Eliya,Nuwara Eliya,Active,Food
Domino's Pizza,Panadura,Panadura,Active,Food
Domino's Pizza,Pelawatte,Pelawatte,Active,Food
Domino's Pizza,Piliyandala,Piliyandala,Active,Food
Domino's Pizza,Ragama,Ragama,Active,Food
Domino's Pizza, Rajagiriya,Rajagiriya,Active,Food
Domino's Pizza, Ratmalana.,Ratmalana,Active,Food
Domino's Pizza,Ratnapura ,Ratnapura ,Active,Food
Domino's Pizza,Seeduwa,Seeduwa,Active,Food
Domino's Pizza, Wattala,Wattala,Active,Food
Vision Care Opticals (the 500 Boutique),Crescat,Colombo 02,Active,Opticians
Vision Care Opticals (the 500 Boutique),Havelock City Mall,Colombo 05,Active,Opticians
Vision Care Opticals (the 500 Boutique),Horana,Horana,Active,Opticians
Vision Care Opticals (the 500 Boutique),Kapuwatta,Ja Ela,Active,Opticians
Vision Care Optical Services,KDU Hospital,Boralesgamuwa,Active,Opticians
Vision Care Optical Services,Union Place,Colombo 02,Active,Opticians
Vision Care Optical Services,Cinnamon Life,Colombo 02,Active,Opticians
Vision Care Optical Services,Colombo City Center,Colombo 02,Active,Opticians
Vision Care Optical Services,Nawaloka Hospital,Colombo 02,Active,Opticians
Vision Care Optical Services,One Galle Face,Colombo 02,Active,Opticians
Vision Care Optical Services,Asiri Surgical,Colombo 05,Active,Opticians
Vision Care Optical Services,Aselro- ENT Diagnostics,Colombo 06,Active,Opticians
Vision Care Optical Services,Head Office,Colombo 07,Active,Opticians
Vision Care Optical Services,Racecourse,Colombo 07,Active,Opticians
Vision Care Optical Services,Kotahena,Colombo 13,Active,Opticians
Vision Care Optical Services,Philip - Kalutara,Kalutara,Active,Opticians
Vision Care Opticals Pvt Ltd,Aluthgama,Aluthgama,Active,Opticians
Vision Care Opticals Pvt Ltd,Ambalangoda,Ambalangoda,Active,Opticians
Vision Care Opticals Pvt Ltd,Ambalantota,Ambalantota,Active,Opticians
Vision Care Opticals Pvt Ltd,Ampara,Ampara,Active,Opticians
Vision Care Opticals Pvt Ltd,Anuradhapura,Anuradhapura,Active,Opticians
Vision Care Opticals Pvt Ltd,Anuradhapura City,Anuradhapura,Active,Opticians
Vision Care Opticals Pvt Ltd,Athurugiriya,Athurugiriya,Active,Opticians
Vision Care Opticals Pvt Ltd,Badulla,Badulla,Active,Opticians
Vision Care Opticals Pvt Ltd,Bandarawela,Bandarawela,Active,Opticians
Vision Care Opticals Pvt Ltd,batticaloa,Batticaloa,Active,Opticians
Vision Care Opticals Pvt Ltd,Kalmunai,Batticaloa,Active,Opticians
Vision Care Opticals Pvt Ltd,Wennappuwa,Chilaw,Active,Opticians
Vision Care Opticals Pvt Ltd,The Central Hospital,Colombo  05,Active,Opticians
Vision Care Opticals Pvt Ltd,Vision Care Express,Colombo 07,Active,Opticians
Vision Care Opticals Pvt Ltd,Wellawatte,Coombo 06,Active,Opticians
Vision Care Opticals Pvt Ltd,Dambulla,Dambulla,Active,Opticians
Vision Care Opticals Pvt Ltd,Embilipitiya,Embilipitiya,Active,Opticians
Vision Care Opticals Pvt Ltd,Galle,Galle,Active,Opticians
Vision Care Opticals Pvt Ltd,Karapitiya - Ruhunu Hospital,Galle,Active,Opticians
Vision Care Opticals Pvt Ltd,Gampaha,Gampaha,Active,Opticians
Vision Care Opticals Pvt Ltd,Gampaha City,Gampaha,Active,Opticians
Vision Care Opticals Pvt Ltd,Gampaha - Nawaloka Medicare,Gampaha,Active,Opticians
Vision Care Opticals Pvt Ltd,Homagama,Homagama,Active,Opticians
Vision Care Opticals Pvt Ltd,Homagama City,Homagama,Active,Opticians
Vision Care Opticals Pvt Ltd,Horana - Medi help,Horana,Active,Opticians
Vision Care Opticals Pvt Ltd,Horana - MDK Hospital,Horana,Active,Opticians
Vision Care Opticals Pvt Ltd,Ja Ela - Reality Plaza,Ja Ela,Active,Opticians
Vision Care Opticals Pvt Ltd,Jaffna,Jaffna,Active,Opticians
Vision Care Opticals Pvt Ltd,Vavuniya - New,Jaffna,Active,Opticians
Vision Care Opticals Pvt Ltd,Kadawatha - Esess Hospital,Kadawatha,Active,Opticians
Vision Care Opticals Pvt Ltd,Kalutara,Kalutara,Active,Opticians
Vision Care Opticals Pvt Ltd,Kandy - Asiri Hospital,Kandy,Active,Opticians
Vision Care Opticals Pvt Ltd,Kandy City Center,Kandy,Active,Opticians
Vision Care Opticals Pvt Ltd,Kegalle,Kegalle,Active,Opticians
Vision Care Opticals Pvt Ltd,Kelaniya,Kelaniya,Active,Opticians
Vision Care Opticals Pvt Ltd,Kilinochchi,Kilinochchiya,Active,Opticians
Vision Care Opticals Pvt Ltd,Kuliyapitiya,Kuliyapitiya,Active,Opticians
Vision Care Opticals Pvt Ltd,Kurunegala,Kurunegala,Active,Opticians
Vision Care Opticals Pvt Ltd,Wandurugala,Kurunegala,Active,Opticians
Vision Care Opticals Pvt Ltd,Maharagama,Maharagama,Active,Opticians
Vision Care Opticals Pvt Ltd,Navinna - Medicare Hospital,Maharagama,Active,Opticians
Vision Care Opticals Pvt Ltd,Malabe,Malabe,Active,Opticians
Vision Care Opticals Pvt Ltd,Mannar,Mannar,Active,Opticians
Vision Care Opticals Pvt Ltd,Matale,Matale,Active,Opticians
Vision Care Opticals Pvt Ltd,Matara,Matara,Active,Opticians
Vision Care Opticals Pvt Ltd,Monaragala,Monaragala,Active,Opticians
Vision Care Opticals Pvt Ltd,Moratuwa - K Zone,Moratuwa,Active,Opticians
Vision Care Opticals Pvt Ltd,Moratuwa - Medihelp Hospital,Moratuwa,Active,Opticians
Vision Care Opticals Pvt Ltd,Mount Lavinia,Mount Lavinia,Active,Opticians
Vision Care Opticals Pvt Ltd,Negombo,Negambo,Active,Opticians
Vision Care Opticals Pvt Ltd,Negombo - Nawaloka Medicare,Negambo,Active,Opticians
Vision Care Opticals Pvt Ltd,Nugegoda - Ceymed Hospital,Nugegoda,Active,Opticians
Vision Care Opticals Pvt Ltd,Nuwara Eliya,Nuwara Eliya,Active,Opticians
Vision Care Opticals Pvt Ltd,Bandaragama,Panadura,Active,Opticians
Vision Care Opticals Pvt Ltd,Panadura,Panadura,Active,Opticians
Vision Care Opticals Pvt Ltd,Piliyandala - Medhelp,Piliyandala,Active,Opticians
Vision Care Opticals Pvt Ltd,Polonnaruwa,Polonnaruwa,Active,Opticians
Vision Care Opticals Pvt Ltd,Ragama - Melsta Hospital,Ragama,Active,Opticians
Vision Care Opticals Pvt Ltd,Rajagiriya - Golden Key Hospital,Rajagiriya,Active,Opticians
Vision Care Opticals Pvt Ltd,Rathnapura,Rathnapura,Active,Opticians
Vision Care Opticals Pvt Ltd,Thalawathugoda - Hemas Hospital ,Thalawathugoda,Active,Opticians
Vision Care Opticals Pvt Ltd,Trincomalee,Trincomalee,Active,Opticians
Vision Care Opticals Pvt Ltd,Wattala,Wattala,Active,Opticians
Living Styles,Wellawatta,Colombo 06,Active,Homeware
Tea Tang,Beruwela,Beruwela,Active,Food
Tea Tang,One Galle Face,Colombo 02,Active,Food
Tea Tang,Liberty Plaza,Colombo 03,Active,Food
Tea Tang,Havelock Road,Colombo 05,Active,Food
Ahara by Amari,Colombo 3,Colombo 3,Active,Food
Mr. Burger,Bambalapitiya,Colombo 04,Active,Food
Mr. Burger,Dehiwela,Dehiwela,Active,Food
Mr. Burger,Rajagiriya,Rajagiriya,Active,Food
Mr. Burger,Wattala,Wattala,Active,Food
Luxeress,Dehiwela,Dehiwela,Active,Food
Online Kade,Bambalapitiya,Colombo 04,Active,Groceries
Online Kade,Dehiwela,Dehiwela,Active,Groceries
Online Kade,Rajagiriya,Rajagiriya,Active,Groceries
Online Kade,Wattala,Wattala,Active,Groceries
Blink International,Bambalapitiya,Colombo 04,Active,Watches
Blink International,KCC,Kandy,Active,Watches
Isso,Isso Ecommerce,,Active,Food
Isso,Weligama,,Active,Food
Strong.lk,ECOMMERCE - STRONG.LK,,Active,Fitness
Quantum Fitness,Colombo,,Active,Fitness
Quantum Fitness,Colombo 5,,Active,Fitness
Diliganz,Online,,Active,Fashion
AMBERRY,INAPP,,Active,Accessories
AMBERRY,Facebook/ Instagram,,Active,Accessories
MirrorMirror.lk,MirrorMirror.lk,,Active,Fashion
SimplyTek,Online,,Active,Mobiles & Electronics
Sushi Kai,INAPP,,Active,Food
Phoenix ,E commerce,,Active,Homeware
Steel Active,E-Commerce ,,Active,Fashion
Sea Adventures LK,Online,,Active,Adventure
Tash Gem & Jewellery,Instagram,,Active,Gems & Jewellery
Aroma Perfume,Instagram ,,Active,Personal Care
Domino's Pizza (Online),Dehiwela,,Active,Food
Domino's Pizza (Online),Nugegoda,,Active,Food
Domino's Pizza (Online),Ratmalana,,Active,Food
Domino's Pizza (Online),Rajagiriya,,Active,Food
Domino's Pizza (Online),Union Place,,Active,Food
Domino's Pizza (Online),Maharagama,,Active,Food
Domino's Pizza (Online),Kiribathgoda,,Active,Food
Domino's Pizza (Online),Malabe,,Active,Food
Domino's Pizza (Online),Negombo,,Active,Food
Domino's Pizza (Online),Kottawa,,Active,Food
Domino's Pizza (Online),Kurunegala,,Active,Food
Domino's Pizza (Online),Piliyandala,,Active,Food
Domino's Pizza (Online),Gampaha,,Active,Food
Domino's Pizza (Online),Havelock Road,,Active,Food
Domino's Pizza (Online),Pelawatta,,Active,Food
Domino's Pizza (Online),Galle,,Active,Food
Domino's Pizza (Online),Kalutara,,Active,Food
Domino's Pizza (Online),Kotahena,,Active,Food
Domino's Pizza (Online),Boralesgamuwa,,Active,Food
Domino's Pizza (Online),Athurugiriya,,Active,Food
Domino's Pizza (Online),Aluthgama,,Active,Food
Domino's Pizza (Online),Ragama,,Active,Food
Domino's Pizza (Online),Kadawatha,,Active,Food
Domino's Pizza (Online),Minuwangoda,,Active,Food
Domino's Pizza (Online),Moratuwa,,Active,Food
Domino's Pizza (Online),Homagama,,Active,Food
Domino's Pizza (Online),Kolonnawa,,Active,Food
Domino's Pizza (Online),kaduwela,,Active,Food
Domino's Pizza (Online),Seeduwa,,Active,Food
Domino's Pizza (Online),Pannipitiya,,Active,Food
Domino's Pizza (Online),Gothatuwa,,Active,Food
Domino's Pizza (Online),Wattala,,Active,Food
Domino's Pizza (Online),Pita Kotte,,Active,Food
Domino's Pizza (Online),Matara,,Active,Food
Domino's Pizza (Online),Jaffna,,Active,Food
Domino's Pizza (Online),Colombo 15,,Active,Food
Domino's Pizza (Online),Independence Arcade,,Active,Food
Domino's Pizza (Online),Rathnapura,,Active,Food
Domino's Pizza (Online),Anuradhapura,,Active,Food
Domino's Pizza (Online),Weligama,,Active,Food
Domino's Pizza (Online),Ambalangoda,,Active,Food
Domino's Pizza (Online),Kotugodella Veediya - Kandy,,Active,Food
Domino's Pizza (Online),Peradeniya Rd. - Kandy,,Active,Food
Domino's Pizza (Online),Katugastota Rd. - Kandy,,Active,Food
Domino's Pizza (Online),Panadura,,Active,Food
Domino's Pizza (Online),Wennappuwa,,Active,Food
Domino's Pizza (Online),Kuliyapitiya,,Active,Food
Domino's Pizza (Online),Nuwara Eliya,,Active,Food
Domino's Pizza (Online),Online,,Active,Food
Sri Lanka Red Cross Society,Online,,Active,Donations
Stand With Sri Lanka,Online,,Active,Donations
Fitzky,Online,,Active,Fitness
Cool Kidz,ECOMMERCE - COOL KIDS,,Active,Baby
Cool Kidz,Cool Kidz,,Active,Baby
Ninda,Ninda- Online,,Active,Homeware
Ayvee,INAPP,,Active,Fashion
Ayvee,Facebook/ Instagram,,Active,Fashion
British Cosmetics,ECOMMERCE - BRITISH COSMETICS,,Active,Personal Care
The Factory Outlet,online,,Active,Fashion
Mimosa,E-COMMERCE,,Active,Fashion
Aroma Bliss Ceylon,Online,,Active,Personal Care
Fitness Island (Currently Unavailable),ECOMMERCE - FITNESS ISLAND,,Active,Fitness
Bookholics,ECOMMERCE - Bookholics,,Active,Books & Stationery
Chinese Dragon Cafe,Fort,,Active,Food
Union Chemists,Online Pharmacy,,Active,Pharmacy
Union Chemists,ONLINE,,Active,Pharmacy
Union Chemists,Online,,Active,Pharmacy
TecRoot,E-COMMERCE,,Active,Games
Earth Unleashed,Online,,Active,Fashion
Wristlab,One Galle Face,Colombo 02,Active,Watches
Chancellor by Amari,Colombo 03,Colombo 03,Active,Food
Mira Lounge by Amari,Colombo 03,Colombo 03,Active,Food
Prego by Amari,Colombo 03,Colombo 03,Active,Food
Thilakawardhana,Ja Ela,Ja Ela,Active,Fashion
Thilakawardhana,Kandy,Kandy,Active,Fashion
Thilakawardhana,Kiribathgoda,Kiribathgoda,Active,Fashion
Thilakawardhana,Kurunegala,Kurunegala,Active,Fashion
Thilakawardhana,Nittambuwa,Nittambuwa,Active,Fashion
Christell Skin Clinic,Colombo 04,Colombo 04,Active,Personal Care
Christell Wellness Villa,Lauries Road,Colombo 04,Active,Personal Care
Christell Crown,One Galle Face,Colombo 02,Active,Personal Care
Fitzky,Online,Online,Active,Fitness
Ragama Pharmacy,Ragama,Ragama,Active,Pharmacy
Ragama Pharmacy,Kadawatha,Kadawatha,Active,Pharmacy
Ragama Pharmacy,Mahara,Mahara,Active,Pharmacy
Ragama Pharmacy,Kaduwela,Kaduwela,Active,Pharmacy
Richmass Fashion,Ragama,Ragama,Active,Fashion
Galleria Milano,Online,Online,Active,Fashion
Fitness First,Maitland Crescent,Colombo 07,Active,Fitness
Fitness First,WTC,Colombo 02,Active,Fitness
Fitness First,Moors Sport Club,Colombo 02,Active,Fitness
Fitness First,Kandana,Kandana,Active,Fitness
Akarsha Jewellers,Taj Samudra Hotel ,Colombo 03,Active,Gems & Jewellery
Akarsha Jewellers,MC,Colombo 04,Active,Gems & Jewellery
Thambili Island,Colombo 04,Colombo 04,Active,Fashion
Tilapiya,Colombo 07,Colombo 07,Active,Food
Kingsman Perennial,Colombo 04,Colombo 04,Active,Fashion
Happy Feet & Hand,Wattala,Wattala,Active,Personal Care
Happy Feet & Hand,Colombo 05,Colombo 05,Active,Personal Care
Dinapala Online,Online,Online,Active,Mobiles & Electronics
