id,description,slug,published,title,category,category_title,image_front,occasion,recipient,tone,keywords
1,"The gift that always gets it right! <br>
Thyaga's multi-store gift voucher gives your loved ones the freedom to choose what they want, when they want it. One voucher, endless possibilities for every occasion.",multi-store,1,Multi-Store Gift Card,General,One voucher. Any occasion. All the freedom they'll love.,https://thyaga0323.sirv.com/Images/voucher-products/multi-store-front.png,general,anyone,general,"general, any occasion"
2,"<p>Get ready to sprinkle some birthday magic!<br>
Birthdays are all about love, laughter, and making wishes come true. With a Thyaga Voucher you're not just giving a gift - you're giving them the power to pick their own special surprise!<br>
Add a dash of personal touch with a heartfelt message before you send it off. </p>
",birthday-frog,1,Birthday Gift Card,Birthday,"Birthdays made better with gifts they actually want, finally.",https://thyaga0323.sirv.com/Images/voucher-products/birthday/05-front.png,Birthday,anyone,"funny, upbeat","birthday, bday, funny, for anyone, friend"
4,"<p>Saying goodbye is never easy, but with Thyaga Voucher, you can make it memorable! </br>
Explore our farewell collection and give the gift of choice to your departing colleague or friend. 
From heartfelt messages to customise themes, our vouchers offer the perfect way to send them off with love and appreciation. Browse now and make their farewell truly special!</p>",farewell,1,Farewell Gift Card,Farewell,"Parting is sweet, especially with a thoughtful Thyaga voucher.",https://thyaga0323.sirv.com/Images/voucher-products/farewell/01-front.png,farewell,"colleague, friend, co worker","funny, warm, sentimental","farewell, goodbye, leaving, departure, colleague, going away, co worker"
6,"<p>Get ready to celebrate love in style! Weddings are all about magical moments, shared dreams, and endless joy. <br>
With a customised Thyaga Voucher, you're offering the newlyweds the freedom to curate their perfect start to forever! Add your personal touch with a heartfelt message before sending it their way. 
Let the wedding festivities begin and the love story unfold!
</p>",wedding-couple-cream,1,Wedding Gift Card,Weddings,Celebrate their forever with a gift that keeps giving.,https://thyaga0323.sirv.com/Images/voucher-products/wedding/01-front.png,wedding,"couple, newlyweds","warm, romantic","wedding, marriage, newlyweds, love, couple, celebration"
10,"<p>Moving up the academic ladder deserves special praise from loved ones, and we've got just the
gift for the occasion! <br>
Celebrate their hard work and commitment - by letting them shop for everything they've
secretly wanted for a while! From novelty books to collectibles and fashion, nothing screams
I'm Proud Of You"" more than a gift that shows how much you care about them.</p>""",graduation,1,Graduation Gift Card,Congratulations,"Whether it's a win or milestone, celebrate in style.",https://thyaga0323.sirv.com/Images/voucher-products/graduation/03-front.png,graduation,"student, graduate, friend, sibling",funny,"graduation, academic, achievement, milestone, proud, exam"
59,"<p>Thyaga multi-store gift voucher is the perfect gift for any occasion!</p>
Give your loved ones the gift of choice where they can use this Thyaga voucher to shop at over 130 merchants!",mothers-day-queen-bee,1,"Happy Mother's Day, Queen Bee!",Mother's Day,,https://thyaga0323.sirv.com/Images/voucher-products/mothers-day/md-1-front.png,Mother's Day,"mom, mother",warm,"mother's day, mom, queen, appreciation, mum"
60,"<p>Thyaga multi-store gift voucher is the perfect gift for any occasion!</p>
Give your loved ones the gift of choice where they can use this Thyaga voucher to shop at over 130 merchants!",mothers-day-blue,1,Mother's Day Gift Card,Mother's Day,,https://thyaga0323.sirv.com/Images/voucher-products/mothers-day/md-2-front.png,Mother's Day,"mom, mother",warm,"mother's day, mom, queen, appreciation, mum"
68,"<p>Express your gratitude with Thyaga Voucher! Saying thank you has never been easier with the gift of choice. </br>
Whether it's for a kind gesture, a helping hand, or simply being there, our vouchers offer a world of possibilities to show your appreciation. 
Let them choose their own reward, from indulgent treats to unforgettable experiences. With Thyaga Voucher, you can say thank you in the most meaningful way possible. </p>

",thank-you-01,1,Thank You Gift Card,Thank you,"A small card that says big, heartfelt thanks, stylishly.",https://thyaga0323.sirv.com/Images/voucher-products/thank-you/01-front.png,thank you,anyone,"warm, sincere","thank you, gratitude, appreciation, grateful, thankful"
84,"<p> Get ready to celebrate in style with Thyaga Voucher's ""Congratulations"" gift voucher! <br>
Whether they aced that exam, nailed that presentation, or reached a major milestone, this card is the perfect way to say congratulations! <br> 
Let them choose their own reward from our fantastic selection, ensuring their success is celebrated with a touch of fun and flair. 
Here's to cheering on their achievements and spreading the joy together!
</p>",congrats-01,1,Congratulations Gift Card,Congratulations,"Whether it's a win or milestone, celebrate in style.",https://thyaga0323.sirv.com/Images/voucher-products/congratulations/front-02.png,congratulations,anyone,"fun, upbeat","congratulations, achievement, milestone, success, well done"
87,"<p>Get ready to sprinkle some birthday magic!<br>
Birthdays are all about love, laughter, and making wishes come true. With a Thyaga Voucher you're not just giving a gift - you're giving them the power to pick their own special surprise!<br>
Add a dash of personal touch with a heartfelt message before you send it off. </p>
",hbd-dad-01,1,Family Birthday Gift Card,Birthday,"Birthdays made better with gifts they actually want, finally.",https://thyaga0323.sirv.com/Images/voucher-products/birthday/hbd-dad-01-front.png,Birthday,"dad, father","warm, upbeat","birthday, dad, father, family birthday, celebrate dad"
94,"<p>All teachers deserve something amazing for all the time and effort they put in to helping you
grow. Surprise them with a little self-care gift; a Thyaga Voucher that helps them get everything
they need to refuel and indulge in! <br>
Whether it's some much-needed books and stationery, a wearable and capable watch, or a
sharp pair of eyeglasses, a Thyaga Voucher offers them the finest local and international
offerings, from over 150 Merchants.<br>
Be the reason your teachers smile today. </p>",thank-you-mentor-teacher,1,Teachers' Day,Thank you,"A small card that says big, heartfelt thanks, stylishly.",https://thyaga0323.sirv.com/Images/voucher-products/thank-you/03-front.png,teacher's day,"teacher, mentor","warm, appreciative","teacher, mentor, teachers day, gratitude, appreciation, educator"
135,"<p>Celebrate the arrival of the newest bundle of joy with Thyaga Voucher! Our specially curated collection for newborns offers the perfect gift for the growing family. </br>
Whether it's baby gear or self-care indulgences for tired parents, our vouchers ensure everyone feels appreciated and cared for during this special time. Find the perfect gift to cherish these precious moments together!
Welcome the little one with love and happiness - explore our collection today!</p>",new-born,1,New Born Gift Card,New Born,,https://thyaga0323.sirv.com/Images/voucher-products/newborn/front-01.png,new born,"parents, family","warm, celebratory","newborn, baby, new baby, baby shower, parents, new arrival"
169,"<p>Thyaga multi-store gift voucher is the perfect gift for any occasion!</p>
Give your loved ones the gift of choice where they can use this Thyaga voucher to shop at over 150 merchants!",good_job_darkblue,1,Good Job Gift Card,Congratulations,"Whether it's a win or milestone, celebrate in style.",https://thyaga0323.sirv.com/Images/voucher-products/good_job/front-01.png,congratulations,anyone,"fun, upbeat","good job, well done, congratulations, achievement, success"
186,"<p> Make their special day even brighter! The Best Wishes Voucher is your go-to gift for any occasion, giving them the freedom to choose what they truly love. Unlimited options, endless smiles and your heartfelt best wishes wrapped in one perfect card.
</p>",bestwishes,1,Wishing the Best Gift Card,Best Wishes,,https://thyaga0323.sirv.com/Images/voucher-products/bestwishes/front-01.png,"general, best wishes",anyone,"warm, neutral","best wishes, any occasion, flexible, good luck, general gift"
215,"<p>Why say I love you"" the ordinary way when you can add a touch of Sri Lankan magic? Blend humor and romance into one irresistible package. Whether it's a cheeky pun or a sweet cultural reference, Make your gift unforgettable - because love should always come with a laugh!</p>"".  this will bring smiles and memories that last long. ",154-bus,1,Sri Lankan Pick Up Line Gift Card,Sri Lankan Pick Up Line Series,"Flirt the Lankan way with love, laughs, and gifting.",https://thyaga0323.sirv.com/Images/voucher-products/valentines/11-front.png,"anniversary, date night, just because, surprise, valentine's day","partner, girlfriend, boyfriend, spouse, crush, situationship","flirty, playful, funny","valentine's day, sri lankan, pick up line, humor, romantic, funny, love"
217,"<p>Get ready to sprinkle some birthday magic!<br>
Birthdays are all about love, laughter, and making wishes come true. With a Thyaga Voucher you're not just giving a gift - you're giving them the power to pick their own special surprise!<br>
Add a dash of personal touch with a heartfelt message before you send it off. </p>
",birthday-yellow,1,Birthday Gift Card,Birthday,"Birthdays made better with gifts they actually want, finally.",https://thyaga0323.sirv.com/Images/voucher-products/birthday/01-front.png,Birthday,anyone,"fun, upbeat","birthday, surprise, celebrate, birthday magic, birthday gift"
218,"<p>Get ready to sprinkle some birthday magic!<br>
Birthdays are all about love, laughter, and making wishes come true. With a Thyaga Voucher you're not just giving a gift - you're giving them the power to pick their own special surprise!<br>
Add a dash of personal touch with a heartfelt message before you send it off. </p>
",birthday-pink,1,Birthday Gift Card,Birthday,"Birthdays made better with gifts they actually want, finally.",https://thyaga0323.sirv.com/Images/voucher-products/birthday/03-front.png,Birthday,anyone,"fun, upbeat","birthday, surprise, celebrate, birthday magic, birthday gift"
219,"<p>Get ready to sprinkle some birthday magic!<br>
Birthdays are all about love, laughter, and making wishes come true. With a Thyaga Voucher you're not just giving a gift - you're giving them the power to pick their own special surprise!<br>
Add a dash of personal touch with a heartfelt message before you send it off. </p>
",birthday-purple,1,Birthday Gift Card,Birthday,"Birthdays made better with gifts they actually want, finally.",https://thyaga0323.sirv.com/Images/voucher-products/birthday/02-front.png,Birthday,anyone,"fun, upbeat","birthday, surprise, celebrate, birthday magic, birthday gift"
220,"<p>Get ready to sprinkle some birthday magic!<br>
Birthdays are all about love, laughter, and making wishes come true. With a Thyaga Voucher you're not just giving a gift - you're giving them the power to pick their own special surprise!<br>
Add a dash of personal touch with a heartfelt message before you send it off. </p>
",birthday-cupcake,1,Birthday Gift Card,Birthday,"Birthdays made better with gifts they actually want, finally.",https://thyaga0323.sirv.com/Images/voucher-products/birthday/04-front.png,Birthday,anyone,"fun, upbeat","birthday, surprise, celebrate, birthday magic, birthday gift"
221,"<p>Get ready to sprinkle some birthday magic!<br>
Birthdays are all about love, laughter, and making wishes come true. With a Thyaga Voucher you're not just giving a gift - you're giving them the power to pick their own special surprise!<br>
Add a dash of personal touch with a heartfelt message before you send it off. </p>
",birthday-mom,1,Birthday Gift Card,Birthday,"Birthdays made better with gifts they actually want, finally.",https://thyaga0323.sirv.com/Images/voucher-products/birthday/hbd-mom-01-front.png,Birthday,"mom, mother","fun, upbeat","birthday, mom, mother, happy birthday mom, celebrate mom"
222,"<p> Get ready to celebrate in style with Thyaga Voucher's ""Congratulations"" gift voucher! <br>
Whether they aced that exam, nailed that presentation, or reached a major milestone, this card is the perfect way to say congratulations! <br> 
Let them choose their own reward from our fantastic selection, ensuring their success is celebrated with a touch of fun and flair. 
Here's to cheering on their achievements and spreading the joy together!
</p>",congrats-02,1,Congratulations Gift Card,Congratulations,"Whether it's a win or milestone, celebrate in style.",https://thyaga0323.sirv.com/Images/voucher-products/congratulations/low-res-01-front.png,congratulations,anyone,"fun, upbeat","congratulations, achievement, milestone, success, well done, celebrate"
224,"<p>Moving up the academic ladder deserves special praise from loved ones, and we've got just the
gift for the occasion! <br>
Celebrate their hard work and commitment - by letting them shop for everything they've
secretly wanted for a while! From novelty books to collectibles and fashion, nothing screams
I'm Proud Of You"" more than a gift that shows how much you care about them.</p>""",graduation- smartypants,1,Graduation Gift Card,Congratulations,"Whether it's a win or milestone, celebrate in style.",https://thyaga0323.sirv.com/Images/voucher-products/graduation/02-front.png,graduation,"student, graduate","proud, upbeat","graduation, academic, achievement, smartypants, proud, exam, milestone"
228,"<p>Moving up the academic ladder deserves special praise from loved ones, and we've got just the
gift for the occasion! <br>
Celebrate their hard work and commitment - by letting them shop for everything they've
secretly wanted for a while! From novelty books to collectibles and fashion, nothing screams
I'm Proud Of You"" more than a gift that shows how much you care about them.</p>""",graduation- 3,1,Graduation Gift Card,Congratulations,"Whether it's a win or milestone, celebrate in style.",https://thyaga0323.sirv.com/Images/voucher-products/graduation/01-front.png,graduation,"student, graduate","proud, upbeat","graduation, academic, achievement, milestone, proud, hard work, cute"
229,"<p>Saying goodbye is never easy, but with Thyaga Voucher, you can make it memorable! </br>
Explore our farewell collection and give the gift of choice to your departing colleague or friend. 
From heartfelt messages to customise themes, our vouchers offer the perfect way to send them off with love and appreciation. Browse now and make their farewell truly special!</p>",farewell-2,1,Farewell Gift Card,Farewell,"Parting is sweet, especially with a thoughtful Thyaga voucher.",https://thyaga0323.sirv.com/Images/voucher-products/farewell/02-front.png,farewell,"colleague, friend, co worker","warm, sentimental","farewell, goodbye, leaving, departure, colleague, going away, co worker"
231,"<p>Saying goodbye is never easy, but with Thyaga Voucher, you can make it memorable! </br>
Explore our farewell collection and give the gift of choice to your departing colleague or friend. 
From heartfelt messages to customise themes, our vouchers offer the perfect way to send them off with love and appreciation. Browse now and make their farewell truly special!</p>",farewell-3,1,Farewell Gift Card,Farewell,"Parting is sweet, especially with a thoughtful Thyaga voucher.",https://thyaga0323.sirv.com/Images/voucher-products/farewell/03-front.png,farewell,"colleague, friend, co worker","warm, sentimental","farewell, goodbye, leaving, departure, colleague, going away, co worker"
233,"<p>Saying goodbye is never easy, but with Thyaga Voucher, you can make it memorable! </br>
Explore our farewell collection and give the gift of choice to your departing colleague or friend. 
From heartfelt messages to customise themes, our vouchers offer the perfect way to send them off with love and appreciation. Browse now and make their farewell truly special!</p>",farewell-4,1,Farewell Gift Card,Farewell,"Parting is sweet, especially with a thoughtful Thyaga voucher.",https://thyaga0323.sirv.com/Images/voucher-products/farewell/04-front.png,farewell,"colleague, friend, co worker","warm, sentimental","farewell, goodbye, leaving, departure, colleague, going away, co worker"
236,"<p>For the one who drives your heart crazy! This fun and quirky voucher says it all. Give them the freedom to choose and make your love ride extra special!
</p>",tuk-tuk,1,Lovebird Gift Card,Lovebirds,"For soulmates, situationships, or spicy just because"" surprises.""",https://thyaga0323.sirv.com/Images/voucher-products/valentines/03-front.png,"anniversary, date night, just because, surprise, valentine's day","partner, girlfriend, boyfriend, spouse, crush, situationship","romantic, flirty, playful, funny, humorous","love, tuk-tuk, quirky, fun, couple, romantic, lovebirds, valentine's day, sri lankan, pick up line, humor, funny"
238,"<p>Paw-sitively adorable! This voucher is perfect for the one who makes your heart wag with joy. Gift them choice, love, and a little bit of spotted magic!</p>",special-spot,1,Lovebird Gift Card,Lovebirds,"For soulmates, situationships, or spicy just because"" surprises.""",https://thyaga0323.sirv.com/Images/voucher-products/valentines/04-front.png,"anniversary, date night, just because, surprise, valentine's day","partner, girlfriend, boyfriend, spouse, crush, situationship","romantic, warm","love, cute, adorable, couple, lovebirds, romantic, dogs"
246,"<p>Why say I love you"" the ordinary way when you can add a touch of Sri Lankan magic? Blend humor and romance into one irresistible package. Whether it's a cheeky pun or a sweet cultural reference, Make your gift unforgettable - because love should always come with a laugh!</p>"".  this will bring smiles and memories that last long. ",tuk,1,Sri Lankan Pick Up Line Gift Card,Sri Lankan Pick Up Line Series,"Flirt the Lankan way with love, laughs, and gifting.",https://thyaga0323.sirv.com/Images/voucher-products/valentines/07-front.png,"anniversary, date night, just because, surprise, valentine's day","partner, girlfriend, boyfriend, spouse, crush, situationship","flirty, playful, funny","sri lankan, pick up line, tuk tuk, humor, romantic, funny, love"
247,"<p>Why say I love you"" the ordinary way when you can add a touch of Sri Lankan magic? Blend humor and romance into one irresistible package. Whether it's a cheeky pun or a sweet cultural reference, Make your gift unforgettable - because love should always come with a laugh!</p>"".  this will bring smiles and memories that last long. ",tikiriliya,1,Sri Lankan Pick Up Line Gift Card,Sri Lankan Pick Up Line Series,"Flirt the Lankan way with love, laughs, and gifting.",https://thyaga0323.sirv.com/Images/voucher-products/valentines/08-front.png,"anniversary, date night, just because, surprise, valentine's day","partner, girlfriend, boyfriend, spouse, crush, situationship","flirty, playful, funny","sri lankan, pick up line, tikiriliya, humor, romantic, funny, love"
249,"<p>Why say I love you"" the ordinary way when you can add a touch of Sri Lankan magic? Blend humor and romance into one irresistible package. Whether it's a cheeky pun or a sweet cultural reference, Make your gift unforgettable - because love should always come with a laugh!</p>"".  this will bring smiles and memories that last long. ",cheese-kottu,1,Sri Lankan Pick Up Line Gift Card,Sri Lankan Pick Up Line Series,"Flirt the Lankan way with love, laughs, and gifting.",https://thyaga0323.sirv.com/Images/voucher-products/valentines/09-front.png,"anniversary, date night, just because, surprise, valentine's day","partner, girlfriend, boyfriend, spouse, crush, situationship","flirty, playful, funny","sri lankan, pick up line, kottu, food humor, romantic, funny"
250,"<p>Why say I love you"" the ordinary way when you can add a touch of Sri Lankan magic? Blend humor and romance into one irresistible package. Whether it's a cheeky pun or a sweet cultural reference, Make your gift unforgettable - because love should always come with a laugh!</p>"".  this will bring smiles and memories that last long. ",ala-to-my-maalu,1,Sri Lankan Pick Up Line Gift Card,Sri Lankan Pick Up Line Series,"Flirt the Lankan way with love, laughs, and gifting.",https://thyaga0323.sirv.com/Images/voucher-products/valentines/10-front.png,"anniversary, date night, just because, surprise, valentine's day","partner, girlfriend, boyfriend, spouse, crush, situationship","flirty, playful, funny","sri lankan, pick up line, ala maalu, food humor, romantic, funny"
252,"<p>Get ready to celebrate love in style! Weddings are all about magical moments, shared dreams, and endless joy. <br>
With a customised Thyaga Voucher, you're offering the newlyweds the freedom to curate their perfect start to forever! Add your personal touch with a heartfelt message before sending it their way. 
Let the wedding festivities begin and the love story unfold!
</p>",wedding-roses,1,Wedding Gift Card,Weddings,Celebrate their forever with a gift that keeps giving.,https://thyaga0323.sirv.com/Images/voucher-products/wedding/02-front.png,wedding,"couple, newlyweds","warm, romantic","wedding, marriage, newlyweds, love, roses, couple, celebration"
255,"<p>Get ready to celebrate love in style! Weddings are all about magical moments, shared dreams, and endless joy. <br>
With a customised Thyaga Voucher, you're offering the newlyweds the freedom to curate their perfect start to forever! Add your personal touch with a heartfelt message before sending it their way. 
Let the wedding festivities begin and the love story unfold!
</p>",wedding-married&shit,1,Wedding Gift Card,Weddings,Celebrate their forever with a gift that keeps giving.,https://thyaga0323.sirv.com/Images/voucher-products/wedding/03-front.png,wedding,"couple, newlyweds","funny, playful","wedding, marriage, funny, humorous, couple, celebration"
256,"<p>Get ready to celebrate love in style! Weddings are all about magical moments, shared dreams, and endless joy. <br>
With a customised Thyaga Voucher, you're offering the newlyweds the freedom to curate their perfect start to forever! Add your personal touch with a heartfelt message before sending it their way. 
Let the wedding festivities begin and the love story unfold!
</p>",wedding-poruwa,1,Wedding Gift Card,Weddings,Celebrate their forever with a gift that keeps giving.,https://thyaga0323.sirv.com/Images/voucher-products/wedding/05-front.png,wedding,"couple, newlyweds","warm, cultural","wedding, poruwa, traditional, sri lankan wedding, marriage, cultural"
257,"<p>Get ready to celebrate love in style! Weddings are all about magical moments, shared dreams, and endless joy. <br>
With a customised Thyaga Voucher, you're offering the newlyweds the freedom to curate their perfect start to forever! Add your personal touch with a heartfelt message before sending it their way. 
Let the wedding festivities begin and the love story unfold!
</p>",wedding-pink,1,Wedding Gift Card,Weddings,Celebrate their forever with a gift that keeps giving.,https://thyaga0323.sirv.com/Images/voucher-products/wedding/07-front.png,wedding,"couple, newlyweds","warm, romantic","wedding, marriage, newlyweds, love, pink, couple, celebration"
258,"<p>Get ready to celebrate love in style! Weddings are all about magical moments, shared dreams, and endless joy. <br>
With a customised Thyaga Voucher, you're offering the newlyweds the freedom to curate their perfect start to forever! Add your personal touch with a heartfelt message before sending it their way. 
Let the wedding festivities begin and the love story unfold!
</p>",wedding-sorry,1,Wedding Gift Card,Weddings,Celebrate their forever with a gift that keeps giving.,https://thyaga0323.sirv.com/Images/voucher-products/wedding/04-front.png,wedding,"couple, newlyweds","funny, playful","wedding, marriage, funny, humorous, couple, sorry, quirky"
259,<p>Because some words carry the weight of your heart. A timeless token of love that turns into countless choices for your special someone!</p>,adarei,1,Lovebird Gift Card,Lovebirds,"For soulmates, situationships, or spicy just because"" surprises.""",https://thyaga0323.sirv.com/Images/voucher-products/valentines/12-front.png,"anniversary, date night, just because, surprise, valentine's day","partner, girlfriend, boyfriend, spouse, crush, situationship","romantic, heartfelt, emotional","love, adarei, sinhala, sri lankan, romantic, heartfelt, lovebirds"
262,"<p>Express your gratitude with Thyaga Voucher! Saying thank you has never been easier with the gift of choice. </br>
Whether it's for a kind gesture, a helping hand, or simply being there, our vouchers offer a world of possibilities to show your appreciation. 
Let them choose their own reward, from indulgent treats to unforgettable experiences. With Thyaga Voucher, you can say thank you in the most meaningful way possible. </p>

",superstar,1,Thank You Gift Card,Thank you,"A small card that says big, heartfelt thanks, stylishly.",https://thyaga0323.sirv.com/Images/voucher-products/thank-you/02-front.png,thank you,anyone,"warm, upbeat","thank you, superstar, gratitude, appreciation, thankful, grateful"
263,"<p>Express your gratitude with Thyaga Voucher! Saying thank you has never been easier with the gift of choice. </br>
Whether it's for a kind gesture, a helping hand, or simply being there, our vouchers offer a world of possibilities to show your appreciation. 
Let them choose their own reward, from indulgent treats to unforgettable experiences. With Thyaga Voucher, you can say thank you in the most meaningful way possible. </p>

",heartfelt,1,Thank You Gift Card,Thank you,"A small card that says big, heartfelt thanks, stylishly.",https://thyaga0323.sirv.com/Images/voucher-products/thank-you/04-front.png,thank you,anyone,"warm, sincere","thank you, heartfelt, gratitude, appreciation, grateful, sincere"
265,"<p> Sometimes words aren't enough. Send Warm Wishes that turn into something they'll actually use! From dining delights to fashion finds, this voucher keeps the warmth alive. Gifting made easy, exciting, and full of love.
</p>",warmwishes,1,Wishing the Best Gift Card,Best Wishes,,https://thyaga0323.sirv.com/Images/voucher-products/christmas/2023/7%20Front.png,"general, best wishes",anyone,"warm, sincere","warm wishes, best wishes, any occasion, flexible, thoughtful gift"
266,"<p>Strong, stylish, and unstoppable just like her. These vouchers are more than a gift; they're a statement of love, respect, and appreciation. Whether it's for the boss lady, the everyday hero or the one who makes life beautiful, this is the perfect way to say, `You deserve it all!</p>",for-her-purple,1,For Her,For Her,"From pampering to power moves, she'll love this pick.",https://thyaga0323.sirv.com/Images/voucher-products/iwd-2022/for-her-01-front.png,"general, women's day","woman, female, girl","empowering, warm","for her, women, girl, boss lady, appreciation, strong, stylish"
271,"<p>Strong, stylish, and unstoppable just like her. These vouchers are more than a gift; they're a statement of love, respect, and appreciation. Whether it's for the boss lady, the everyday hero or the one who makes life beautiful, this is the perfect way to say, `You deserve it all!</p>",for-her-light_pink,1,For Her,For Her,"From pampering to power moves, she'll love this pick.",https://thyaga0323.sirv.com/Images/voucher-products/iwd-2022/for-her-03-front.png,"general, women's day","woman, female, girl","empowering, warm","for her, women, girl, appreciation, strong, stylish, empowerment"
272,"<p>Strong, stylish, and unstoppable just like her. These vouchers are more than a gift; they're a statement of love, respect, and appreciation. Whether it's for the boss lady, the everyday hero or the one who makes life beautiful, this is the perfect way to say, `You deserve it all!</p>",for-her-red,1,For Her,For Her,"From pampering to power moves, she'll love this pick.",https://thyaga0323.sirv.com/Images/voucher-products/iwd-2022/for-her-02-front.png,"general, women's day","woman, female, girl","empowering, warm","for her, women, girl, appreciation, strong, stylish, red"
441,"<p>Thyaga multi-store gift voucher is the perfect gift for any occasion!</p>
<p>This Pride Month, embrace the freedom of choice with Thyaga.
Let those who inspire you, celebrate their uniqueness. With a diverse selection of over 140 merchants spanning 20 categories, Thyaga offers the perfect gift tailored to their individuality.
Show your appreciation with a Thyaga voucher, allowing them to choose what resonates with their authentic selves.</p>",pride,1,Pride Gift Card,Pride Month,,https://thyaga0323.sirv.com/Images/voucher-products/pride/front-01.png,pride month,"gay. Lgbtq, anyone","celebratory, inclusive","pride, lgbtq, pride month, diversity, inclusion, rainbow, celebrate"
452,"<p>Celebrate the arrival of the newest bundle of joy with Thyaga Voucher! Our specially curated collection for newborns offers the perfect gift for the growing family. </br>
Whether it's baby gear or self-care indulgences for tired parents, our vouchers ensure everyone feels appreciated and cared for during this special time. Find the perfect gift to cherish these precious moments together!
Welcome the little one with love and happiness - explore our collection today!</p>",new-born-girl,1,New Born Gift Card,New Born,,https://thyaga0323.sirv.com/Images/voucher-products/newborn/front-02.png,new born,"parents, family, baby girl","warm, celebratory","newborn, baby girl, new baby, baby shower, parents, new arrival, girl"
453,"<p>Celebrate the arrival of the newest bundle of joy with Thyaga Voucher! Our specially curated collection for newborns offers the perfect gift for the growing family. </br>
Whether it's baby gear or self-care indulgences for tired parents, our vouchers ensure everyone feels appreciated and cared for during this special time. Find the perfect gift to cherish these precious moments together!
Welcome the little one with love and happiness - explore our collection today!</p>",new-born-boy,1,New Born Gift Card,New Born,,https://thyaga0323.sirv.com/Images/voucher-products/newborn/front-03.png,new born,"parents, family, baby boy","warm, celebratory","newborn, baby boy, new baby, baby shower, parents, new arrival, boy"
480,"<p>Say it your way with love, laughter and a touch of charm! These romantic vouchers are the sweetest way to turn feelings into unforgettable surprises!</p>
",oya-mage,1,Lovebird Gift Card,Lovebirds,,https://thyaga0323.sirv.com/Images/voucher-products/valentines/14-front.png,"anniversary, date night, just because, surprise, valentine's day","partner, girlfriend, boyfriend, spouse, crush, situationship","romantic, funny, playful","love, oya mage, sinhala, sri lankan, funny, couple, lovebirds"
483,"<p>Say it your way with love, laughter and a touch of charm! These romantic vouchers are the sweetest way to turn feelings into unforgettable surprises!</p>
",kiss,1,Lovebird Gift Card,Lovebirds,,https://thyaga0323.sirv.com/Images/voucher-products/valentines/17-front.png,"anniversary, date night, just because, surprise, valentine's day","partner, girlfriend, boyfriend, spouse, crush, situationship","romantic, playful","love, kiss, romantic, lovebirds, sweet, couple"
484,"<p>Say it your way with love, laughter and a touch of charm! These romantic vouchers are the sweetest way to turn feelings into unforgettable surprises!</p>
",haa-patiya,1,Lovebird Gift Card,Lovebirds,,https://thyaga0323.sirv.com/Images/voucher-products/valentines/18-front.png,"anniversary, date night, just because, surprise, valentine's day","partner, girlfriend, boyfriend, spouse, crush, situationship","romantic, flirty, playful, funny, humorous","love, haa patiya, sinhala, sri lankan, funny, lovebirds, humor"
488,"<p>Strong, stylish, and unstoppable just like her. These vouchers are more than a gift; they're a statement of love, respect, and appreciation. Whether it's for the boss lady, the everyday hero or the one who makes life beautiful, this is the perfect way to say, `You deserve it all!</p>",for-her-power,1,For Her,For Her,"From pampering to power moves, she'll love this pick.",https://thyaga0323.sirv.com/Images/voucher-products/womensday/front-01.png,Women's day,"woman, female, girl","empowering, bold","for her, women, girl, boss lady, power, strong, appreciation"
492,"<p>Celebrate with Choice! This Avurudu, give the gift of options! Our colorful voucher is the key to a celebration filled with choices - shopping, dining, and beyond. It's a fun, flexible way to ensure everyone finds their perfect piece of the festival joy.</p>
",avurudu-red-2025,1,Sinhala & Tamil Avurudu Gift Card,Avurudu1,,https://thyaga0323.sirv.com/Images/voucher-products/avurudu/avurudu-red-25-front.png,Sinhala and Tamil New Year,anyone,"fun, festive","avurudu, sinhala new year, tamil new year, sri lankan, festive, celebrate, red"
493,"<p>Celebrate with Choice! This Avurudu, give the gift of options! Our colorful voucher is the key to a celebration filled with choices - shopping, dining, and beyond. It's a fun, flexible way to ensure everyone finds their perfect piece of the festival joy.</p>
",avurudu-green-2025,1,Sinhala & Tamil Avurudu Gift Card,Avurudu1,,https://thyaga0323.sirv.com/Images/voucher-products/avurudu/avurudu-green-25-front.png,Sinhala and Tamil New Year,anyone,"fun, festive","avurudu, sinhala new year, tamil new year, sri lankan, festive, celebrate, green"
494,"<p>Celebrate with Choice! This Avurudu, give the gift of options! Our colorful voucher is the key to a celebration filled with choices - shopping, dining, and beyond. It's a fun, flexible way to ensure everyone finds their perfect piece of the festival joy.</p>
",avurudu-couple-2025,1,Sinhala & Tamil Avurudu Gift Card,Avurudu1,,https://thyaga0323.sirv.com/Images/voucher-products/avurudu/avurudu-orange-25-front.png,Sinhala and Tamil New Year,anyone,"fun, festive","avurudu, sinhala new year, couple, sri lankan, festive, celebrate"
495,"<p>Celebrate with Choice! This Avurudu, give the gift of options! Our colorful voucher is the key to a celebration filled with choices - shopping, dining, and beyond. It's a fun, flexible way to ensure everyone finds their perfect piece of the festival joy.</p>
",avurudu-family-2025,1,Sinhala & Tamil Avurudu Gift Card,Avurudu1,,https://thyaga0323.sirv.com/Images/voucher-products/avurudu/avurudu-family-25-front.png,Sinhala and Tamil New Year,anyone,"fun, festive","avurudu, sinhala new year, family, sri lankan, festive, celebrate"
496,"<p>This Avurudu, get a taste of something different with this sweet Voucher! Designed to add a dash of cheeky charm and cool vibes to your celebrations, it's the perfect way to sprinkle your festivities with a little extra sweetness and a lot of fun. It's not just a gift, it's a gateway to joyful experiences and festive cheer that everyone will remember!</p>
",avurudu-askme-2025,1,Sinhala & Tamil Avurudu Gift Card,Avurudu2,,https://thyaga0323.sirv.com/Images/voucher-products/avurudu/avurudu-askme-25-front.png,Sinhala and Tamil New Year,anyone,"playful, festive","avurudu, cheeky, fun, sri lankan, festive, sweet, cool vibes, funny"
497,"<p>This Avurudu, get a taste of something different with this sweet Voucher! Designed to add a dash of cheeky charm and cool vibes to your celebrations, it's the perfect way to sprinkle your festivities with a little extra sweetness and a lot of fun. It's not just a gift, it's a gateway to joyful experiences and festive cheer that everyone will remember!</p>
",avurudu-kokiss-2025,1,Sinhala & Tamil Avurudu Gift Card,Avurudu2,,https://thyaga0323.sirv.com/Images/voucher-products/avurudu/avurudu-kokiss-25-front.png,Sinhala and Tamil New Year,anyone,"playful, festive","avurudu, kokiss, fun, sri lankan, festive, sweet, playful"
498,"<p>This Avurudu, spice up the tradition of Gane Denu with our exclusive Thyaga Voucher! Perfect for hitting that auspicious moment with flair. From thrilling shopping sprees to sweet delights, gift a slice of excitement that packs more punch than its face value. Dive into a New Year where every choice brims with spirit and prosperity.</p>
",avurudu-betel-2025,1,Sinhala & Tamil Avurudu Gift Card,Avurudu2,,https://thyaga0323.sirv.com/Images/voucher-products/avurudu/avurudu-betel-25-front.png,Sinhala and Tamil New Year,anyone,"traditional, festive","avurudu, gane denu, betel, traditional, auspicious, sri lankan new year"
500,"<p>This Avurudu, get a taste of something different with this sweet Voucher! Designed to add a dash of cheeky charm and cool vibes to your celebrations, it's the perfect way to sprinkle your festivities with a little extra sweetness and a lot of fun. It's not just a gift, it's a gateway to joyful experiences and festive cheer that everyone will remember!</p>
",avurudu-aliya-2025,1,Sinhala & Tamil Avurudu Gift Card,Avurudu2,,https://thyaga0323.sirv.com/Images/voucher-products/avurudu/avurudu-aiya-25-front.png,Sinhala and Tamil New Year,anyone,"playful, festive","avurudu, aliya, elephant, fun, sri lankan, festive, playful"
501,"<p>This Avurudu, get a taste of something different with this sweet Voucher! Designed to add a dash of cheeky charm and cool vibes to your celebrations, it's the perfect way to sprinkle your festivities with a little extra sweetness and a lot of fun. It's not just a gift, it's a gateway to joyful experiences and festive cheer that everyone will remember!</p>
",avurudu-kukula-2025,1,Sinhala & Tamil Avurudu Gift Card,Avurudu2,,https://thyaga0323.sirv.com/Images/voucher-products/avurudu/avurudu-kukula-25-front.png,Sinhala and Tamil New Year,anyone,"playful, festive","avurudu, kukula, fun, sri lankan, festive, playful, cheeky, funny"
502,"<p>This Avurudu, get a taste of something different with this sweet Voucher! Designed to add a dash of cheeky charm and cool vibes to your celebrations, it's the perfect way to sprinkle your festivities with a little extra sweetness and a lot of fun. It's not just a gift, it's a gateway to joyful experiences and festive cheer that everyone will remember!</p>
",avurudu-banis-2025,1,Sinhala & Tamil Avurudu Gift Card,Avurudu2,,https://thyaga0323.sirv.com/Images/voucher-products/avurudu/avurudu-banis-25-front.png,Sinhala and Tamil New Year,anyone,"playful, festive","avurudu, banis, fun, sri lankan, festive, sweet, playful, funny"
504,"<p>This Avurudu, get a taste of something different with this sweet Voucher! Designed to add a dash of cheeky charm and cool vibes to your celebrations, it's the perfect way to sprinkle your festivities with a little extra sweetness and a lot of fun. It's not just a gift, it's a gateway to joyful experiences and festive cheer that everyone will remember!</p>
",avurudu-malla-2025,1,Sinhala & Tamil Avurudu Gift Card,Avurudu2,,https://thyaga0323.sirv.com/Images/voucher-products/avurudu/malla-front.png,Sinhala and Tamil New Year,anyone,"playful, festive","avurudu, malla, fun, sri lankan, festive, playful, cheeky"
509,"<p>Get ready to sprinkle some birthday magic!<br>
Birthdays are all about love, laughter, and making wishes come true. With a Thyaga Voucher you're not just giving a gift - you're giving them the power to pick their own special surprise!<br>
Add a dash of personal touch with a heartfelt message before you send it off. </p>
",birthday-cheese,1,Birthday Gift Card,Birthday,"Birthdays made better with gifts they actually want, finally.",https://thyaga0323.sirv.com/Images/voucher-products/birthday/06-front.png,Birthday,anyone,"fun, upbeat","birthday, surprise, celebrate, birthday magic, birthday gift, cheese"
510,"<p>Express your gratitude with Thyaga Voucher! Saying thank you has never been easier with the gift of choice. </br>
Whether it's for a kind gesture, a helping hand, or simply being there, our vouchers offer a world of possibilities to show your appreciation. 
Let them choose their own reward, from indulgent treats to unforgettable experiences. With Thyaga Voucher, you can say thank you in the most meaningful way possible. </p>

",rock,1,Thank You Gift Card,Thank you,"A small card that says big, heartfelt thanks, stylishly.",https://thyaga0323.sirv.com/Images/voucher-products/thank-you/05-front.png,thank you,anyone,"warm, upbeat","thank you, rock, gratitude, appreciation, you rock, thankful"
511,"<p>Express your gratitude with Thyaga Voucher! Saying thank you has never been easier with the gift of choice. </br>
Whether it's for a kind gesture, a helping hand, or simply being there, our vouchers offer a world of possibilities to show your appreciation. 
Let them choose their own reward, from indulgent treats to unforgettable experiences. With Thyaga Voucher, you can say thank you in the most meaningful way possible. </p>

",legend,1,Thank You Gift Card,Thank you,"A small card that says big, heartfelt thanks, stylishly.",https://thyaga0323.sirv.com/Images/voucher-products/thank-you/06-front.png,thank you,anyone,"warm, upbeat","thank you, legend, gratitude, appreciation, legendary, thankful"
512,"<p>Get ready to celebrate love in style! Weddings are all about magical moments, shared dreams, and endless joy. <br>
With a customised Thyaga Voucher, you're offering the newlyweds the freedom to curate their perfect start to forever! Add your personal touch with a heartfelt message before sending it their way. 
Let the wedding festivities begin and the love story unfold!
</p>",wedding-wedded,1,Wedding Gift Card,Weddings,Celebrate their forever with a gift that keeps giving.,https://thyaga0323.sirv.com/Images/voucher-products/wedding/08-front.png,wedding,"couple, newlyweds","warm, romantic","wedding, marriage, newlyweds, wedded, love, couple, celebration"
513,"<p>Get ready to celebrate love in style! Weddings are all about magical moments, shared dreams, and endless joy. <br>
With a customised Thyaga Voucher, you're offering the newlyweds the freedom to curate their perfect start to forever! Add your personal touch with a heartfelt message before sending it their way. 
Let the wedding festivities begin and the love story unfold!
</p>",wedding-lobster,1,Wedding Gift Card,Weddings,Celebrate their forever with a gift that keeps giving.,https://thyaga0323.sirv.com/Images/voucher-products/wedding/09-front.png,wedding,"couple, newlyweds","funny, playful","wedding, marriage, lobster, funny, friends reference, quirky, couple"
514,"<p>Get ready to celebrate love in style! Weddings are all about magical moments, shared dreams, and endless joy. <br>
With a customised Thyaga Voucher, you're offering the newlyweds the freedom to curate their perfect start to forever! Add your personal touch with a heartfelt message before sending it their way. 
Let the wedding festivities begin and the love story unfold!
</p>",wedding-stamina,1,Wedding Gift Card,Weddings,Celebrate their forever with a gift that keeps giving.,https://thyaga0323.sirv.com/Images/voucher-products/wedding/10-front.png,wedding,"couple, newlyweds","funny, naughty, playful","wedding, marriage, stamina, funny, naughty, cheeky, adult humor, couple"
515,"<p>Get ready to celebrate love in style! Weddings are all about magical moments, shared dreams, and endless joy. <br>
With a customised Thyaga Voucher, you're offering the newlyweds the freedom to curate their perfect start to forever! Add your personal touch with a heartfelt message before sending it their way. 
Let the wedding festivities begin and the love story unfold!
</p>",wedding-weirdos,1,Wedding Gift Card,Weddings,Celebrate their forever with a gift that keeps giving.,https://thyaga0323.sirv.com/Images/voucher-products/wedding/11-front.png,wedding,"couple, newlyweds","funny, playful","wedding, marriage, weirdos, funny, quirky, couple, humor"
516,"<p>Get ready to celebrate love in style! Weddings are all about magical moments, shared dreams, and endless joy. <br>
With a customised Thyaga Voucher, you're offering the newlyweds the freedom to curate their perfect start to forever! Add your personal touch with a heartfelt message before sending it their way. 
Let the wedding festivities begin and the love story unfold!
</p>",wedding-banana,1,Wedding Gift Card,Weddings,Celebrate their forever with a gift that keeps giving.,https://thyaga0323.sirv.com/Images/voucher-products/wedding/12-front.png,wedding,"couple, newlyweds","funny, naughty, playful","wedding, marriage, banana, funny, naughty, cheeky, adult humor, couple"
517,"<p>Get ready to celebrate love in style! Weddings are all about magical moments, shared dreams, and endless joy. <br>
With a customised Thyaga Voucher, you're offering the newlyweds the freedom to curate their perfect start to forever! Add your personal touch with a heartfelt message before sending it their way. 
Let the wedding festivities begin and the love story unfold!
</p>",wedding-timeless,1,Wedding Gift Card,Weddings,Celebrate their forever with a gift that keeps giving.,https://thyaga0323.sirv.com/Images/voucher-products/wedding/13-front.png,wedding,"couple, newlyweds","warm, romantic","wedding, marriage, timeless, classic, elegant, love, couple"
519,"<p>Saying goodbye is never easy, but with Thyaga Voucher, you can make it memorable! </br>
Explore our farewell collection and give the gift of choice to your departing colleague or friend. 
From heartfelt messages to customise themes, our vouchers offer the perfect way to send them off with love and appreciation. Browse now and make their farewell truly special!</p>",farewell-5-MissYou,1,Farewell Gift Card,Farewell,"Parting is sweet, especially with a thoughtful Thyaga voucher.",https://thyaga0323.sirv.com/Images/voucher-products/farewell/05-front.png,farewell,"colleague, friend, co worker","emotional, sentimental","farewell, goodbye, miss you, leaving, departure, emotional, colleague"
522,"<p>Get ready to celebrate love in style! Weddings are all about magical moments, shared dreams, and endless joy. <br>
With a customised Thyaga Voucher, you're offering the newlyweds the freedom to curate their perfect start to forever! Add your personal touch with a heartfelt message before sending it their way. 
Let the wedding festivities begin and the love story unfold!
</p>",wedding-couple-white,1,Wedding Gift Card,Weddings,Celebrate their forever with a gift that keeps giving.,https://thyaga0323.sirv.com/Images/voucher-products/wedding/14-front.png,wedding,"couple, newlyweds","warm, romantic","wedding, marriage, newlyweds, couple, white, elegant, love"
523,"<p>Get ready to celebrate love in style! Weddings are all about magical moments, shared dreams, and endless joy. <br>
With a customised Thyaga Voucher, you're offering the newlyweds the freedom to curate their perfect start to forever! Add your personal touch with a heartfelt message before sending it their way. 
Let the wedding festivities begin and the love story unfold!
</p>",wedding-warmwishes,1,Wedding Gift Card,Weddings,Celebrate their forever with a gift that keeps giving.,https://thyaga0323.sirv.com/Images/voucher-products/wedding/15-front.png,wedding,"couple, newlyweds","warm, romantic","wedding, marriage, warm wishes, newlyweds, love, couple"
524,"<p>Get ready to celebrate love in style! Weddings are all about magical moments, shared dreams, and endless joy. <br>
With a customised Thyaga Voucher, you're offering the newlyweds the freedom to curate their perfect start to forever! Add your personal touch with a heartfelt message before sending it their way. 
Let the wedding festivities begin and the love story unfold!
</p>",wedding-nextchapter,1,Wedding Gift Card,Weddings,Celebrate their forever with a gift that keeps giving.,https://thyaga0323.sirv.com/Images/voucher-products/wedding/16-front.png,wedding,"couple, newlyweds","warm, romantic","wedding, marriage, next chapter, newlyweds, love, couple, new beginning"
525,"<p>Get ready to celebrate love in style! Weddings are all about magical moments, shared dreams, and endless joy. <br>
With a customised Thyaga Voucher, you're offering the newlyweds the freedom to curate their perfect start to forever! Add your personal touch with a heartfelt message before sending it their way. 
Let the wedding festivities begin and the love story unfold!
</p>",wedding-oneplus,1,Wedding Gift Card,Weddings,Celebrate their forever with a gift that keeps giving.,https://thyaga0323.sirv.com/Images/voucher-products/wedding/17-front.png,wedding,"couple, newlyweds","funny, playful","wedding, marriage, one plus one, funny, couple, humor"
527,"<p>Get ready to sprinkle some birthday magic!<br>
Birthdays are all about love, laughter, and making wishes come true. With a Thyaga Voucher you're not just giving a gift - you're giving them the power to pick their own special surprise!<br>
Add a dash of personal touch with a heartfelt message before you send it off. </p>
",birthday-donkey,1,Birthday Gift Card,Birthday,"Birthdays made better with gifts they actually want, finally.",https://thyaga0323.sirv.com/Images/voucher-products/birthday/07-front.png,Birthday,"anyone, friend, sibling","funny, playful","birthday, donkey, funny, quirky, humor, birthday gift, playful"
528,"<p>Get ready to sprinkle some birthday magic!<br>
Birthdays are all about love, laughter, and making wishes come true. With a Thyaga Voucher you're not just giving a gift - you're giving them the power to pick their own special surprise!<br>
Add a dash of personal touch with a heartfelt message before you send it off. </p>
",birthday-rainbow,1,Birthday Gift Card,Birthday,"Birthdays made better with gifts they actually want, finally.",https://thyaga0323.sirv.com/Images/voucher-products/birthday/09-front.png,Birthday,anyone,"fun, upbeat","birthday, rainbow, celebrate, colorful, birthday magic, birthday gift"
530,"<p>Get ready to sprinkle some birthday magic!<br>
Birthdays are all about love, laughter, and making wishes come true. With a Thyaga Voucher you're not just giving a gift - you're giving them the power to pick their own special surprise!<br>
Add a dash of personal touch with a heartfelt message before you send it off. </p>
",Birthday-redvelvet,1,Birthday Gift Card,Birthday,"Birthdays made better with gifts they actually want, finally.",https://thyaga0323.sirv.com/Images/voucher-products/birthday/08-front.png,Birthday,anyone,"fun, upbeat","birthday, red velvet, celebrate, birthday magic, birthday gift"
531,"<p>Get ready to sprinkle some birthday magic!<br>
Birthdays are all about love, laughter, and making wishes come true. With a Thyaga Voucher you're not just giving a gift - you're giving them the power to pick their own special surprise!<br>
Add a dash of personal touch with a heartfelt message before you send it off. </p>
",Birthday-wine,1,Birthday Gift Card,Birthday,"Birthdays made better with gifts they actually want, finally.",https://thyaga0323.sirv.com/Images/voucher-products/birthday/10-front.png,Birthday,anyone,"fun, upbeat","birthday, wine, celebrate, adult birthday, birthday gift, cheers"
538,"The gift that always gets it right! <br>
Thyaga's multi-store gift voucher gives your loved ones the freedom to choose what they want, when they want it. One voucher, endless possibilities for every occasion.",multi-store-black,1,Multi-Store Gift Card,General,One voucher. Any occasion. All the freedom they'll love.,https://thyaga0323.sirv.com/Images/voucher-products/General/front-02.png,general,anyone,neutral,"any occasion, multi-store, freedom of choice, flexible gift, universal, black"
539,"The gift that always gets it right! <br>
Thyaga's multi-store gift voucher gives your loved ones the freedom to choose what they want, when they want it. One voucher, endless possibilities for every occasion.",multi-store-green,1,Multi-Store Gift Card,General,One voucher. Any occasion. All the freedom they'll love.,https://thyaga0323.sirv.com/Images/voucher-products/General/front-01.png,general,anyone,general,"any occasion, multi-store, freedom of choice, flexible gift, universal, green"
540,"<p>Thyaga multi-store gift voucher is the perfect gift for any occasion!</p>
Give your loved ones the gift of choice where they can use this Thyaga voucher to shop at over 150 merchants!",good_job_lightblue,1,Good Job Gift Card,Congratulations,"Whether it's a win or milestone, celebrate in style.",https://thyaga0323.sirv.com/Images/voucher-products/good_job/front-02.png,Congratulations,anyone,"fun, upbeat","good job, well done, congratulations, achievement, success, light blue"
589,"Big wins deserve bold congratulations. Gift ""Huge Congrats"" with a fun design and the freedom of choice through Thyaga. A great pick for workplace recognition, team milestones, or celebrating personal achievements in a meaningful way.",huge-congrats,1,Huge Congrats,\0,,https://thyaga0323.sirv.com/Images/voucher-products/congratulations/Front-3.png,congratulations,"colleague, anyone","bold, upbeat","huge congrats, congratulations, achievement, workplace recognition, milestone, well done"
590,"Send a cheerful Congrats"" and let them celebrate their achievement with something they truly love. A fun and thoughtful gift for proud moments,  happy wins and plenty of big smiles.""",congrats-red,1,Congrats,\0,,https://thyaga0323.sirv.com/Images/voucher-products/congratulations/Front-04.png,congratulations,anyone,"fun, upbeat","congrats, congratulations, achievement, proud moment, celebrate, well done"
591,"A playful design for someone who complements you perfectly. Gift You Are the Gin to My Tonic"" and let them celebrate your bond their way.""",gin-to-my-tonic,1,Sri Lankan Pick Up Line Gift Card,\0,,https://thyaga0323.sirv.com/Images/voucher-banners/sriLankanPickupLinesSeries/Front-02.png,"valentine's day, general","partner, friend","playful, funny","gin tonic, sri lankan pick up line, humor, couple, bond, friendship, playful"
597,"The gift that always gets it right! <br>
Thyaga's multi-store gift voucher gives your loved ones the freedom to choose what they want, when they want it. One voucher, endless possibilities for every occasion.",multi-store-orange,1,Multi-Store Gift Card,\0,,https://thyaga0323.sirv.com/Images/voucher-products/General/Front-03.png,general,anyone,neutral,"any occasion, multi-store, freedom of choice, flexible gift, universal, orange"
598,"<p>Celebrate the arrival of the newest bundle of joy with Thyaga Voucher! Our specially curated collection for newborns offers the perfect gift for the growing family. </br>
Whether it's baby gear or self-care indulgences for tired parents, our vouchers ensure everyone feels appreciated and cared for during this special time. Find the perfect gift to cherish these precious moments together!
Welcome the little one with love and happiness - explore our collection today!</p>",new-born-twins,1,New Born Gift Card,New Born,,https://thyaga0323.sirv.com/Images/voucher-products/newborn/front094.png,new born,"parents, family, twins","warm, celebratory","newborn, twins, baby shower, new arrival, parents, double joy, new baby"
